file,line,type,commit,author,date,time,timezone,datetime,depth,length
style.css,1,css,660f266a,ezzz-coder,2026-04-08,18:06:43,-07:00,2026-04-08T18:06:43-07:00,0,5
style.css,2,css,660f266a,ezzz-coder,2026-04-08,18:06:43,-07:00,2026-04-08T18:06:43-07:00,0,44
style.css,3,css,660f266a,ezzz-coder,2026-04-08,18:06:43,-07:00,2026-04-08T18:06:43-07:00,0,32
style.css,4,css,660f266a,ezzz-coder,2026-04-08,18:06:43,-07:00,2026-04-08T18:06:43-07:00,0,0
style.css,5,css,660f266a,ezzz-coder,2026-04-08,18:06:43,-07:00,2026-04-08T18:06:43-07:00,0,0
style.css,6,css,cde22170,ezzz-coder,2026-04-03,10:58:07,-07:00,2026-04-03T10:58:07-07:00,0,4
style.css,7,css,cde22170,ezzz-coder,2026-04-03,10:58:07,-07:00,2026-04-03T10:58:07-07:00,1,43
style.css,8,css,cde22170,ezzz-coder,2026-04-03,10:58:07,-07:00,2026-04-03T10:58:07-07:00,0,42
style.css,9,css,cde22170,ezzz-coder,2026-04-03,10:58:07,-07:00,2026-04-03T10:58:07-07:00,0,0
style.css,10,css,cde22170,ezzz-coder,2026-04-03,10:58:07,-07:00,2026-04-03T10:58:07-07:00,1,23
style.css,11,css,660f266a,ezzz-coder,2026-04-08,18:06:43,-07:00,2026-04-08T18:06:43-07:00,1,15
style.css,12,css,660f266a,ezzz-coder,2026-04-08,18:06:43,-07:00,2026-04-08T18:06:43-07:00,1,18
style.css,13,css,660f266a,ezzz-coder,2026-04-08,18:06:43,-07:00,2026-04-08T18:06:43-07:00,1,11
style.css,14,css,660f266a,ezzz-coder,2026-04-08,18:06:43,-07:00,2026-04-08T18:06:43-07:00,0,0
style.css,15,css,660f266a,ezzz-coder,2026-04-08,18:06:43,-07:00,2026-04-08T18:06:43-07:00,0,0
style.css,16,css,660f266a,ezzz-coder,2026-04-08,18:06:43,-07:00,2026-04-08T18:06:43-07:00,0,22
style.css,17,css,660f266a,ezzz-coder,2026-04-08,18:06:43,-07:00,2026-04-08T18:06:43-07:00,0,15
style.css,18,css,660f266a,ezzz-coder,2026-04-08,18:06:43,-07:00,2026-04-08T18:06:43-07:00,0,17
style.css,19,css,660f266a,ezzz-coder,2026-04-08,18:06:43,-07:00,2026-04-08T18:06:43-07:00,0,0
style.css,20,css,660f266a,ezzz-coder,2026-04-08,18:06:43,-07:00,2026-04-08T18:06:43-07:00,0,0
style.css,21,css,660f266a,ezzz-coder,2026-04-08,18:06:43,-07:00,2026-04-08T18:06:43-07:00,0,2
style.css,22,css,660f266a,ezzz-coder,2026-04-08,18:06:43,-07:00,2026-04-08T18:06:43-07:00,0,14
style.css,23,css,660f266a,ezzz-coder,2026-04-08,18:06:43,-07:00,2026-04-08T18:06:43-07:00,0,0
style.css,24,css,660f266a,ezzz-coder,2026-04-08,18:06:43,-07:00,2026-04-08T18:06:43-07:00,0,0
style.css,25,css,660f266a,ezzz-coder,2026-04-08,18:06:43,-07:00,2026-04-08T18:06:43-07:00,0,6
style.css,26,css,660f266a,ezzz-coder,2026-04-08,18:06:43,-07:00,2026-04-08T18:06:43-07:00,0,16
style.css,27,css,660f266a,ezzz-coder,2026-04-08,18:06:43,-07:00,2026-04-08T18:06:43-07:00,0,0
style.css,28,css,660f266a,ezzz-coder,2026-04-08,18:06:43,-07:00,2026-04-08T18:06:43-07:00,0,0
style.css,29,css,660f266a,ezzz-coder,2026-04-08,18:06:43,-07:00,2026-04-08T18:06:43-07:00,0,6
style.css,30,css,660f266a,ezzz-coder,2026-04-08,18:06:43,-07:00,2026-04-08T18:06:43-07:00,0,16
style.css,31,css,660f266a,ezzz-coder,2026-04-08,18:06:43,-07:00,2026-04-08T18:06:43-07:00,0,0
style.css,32,css,660f266a,ezzz-coder,2026-04-08,18:06:43,-07:00,2026-04-08T18:06:43-07:00,0,0
style.css,33,css,660f266a,ezzz-coder,2026-04-08,18:06:43,-07:00,2026-04-08T18:06:43-07:00,0,3
style.css,34,css,6932824d,ezzz-coder,2026-04-15,17:01:59,-07:00,2026-04-15T17:01:59-07:00,0,39
style.css,35,css,660f266a,ezzz-coder,2026-04-08,18:06:43,-07:00,2026-04-08T18:06:43-07:00,0,12
style.css,36,css,660f266a,ezzz-coder,2026-04-08,18:06:43,-07:00,2026-04-08T18:06:43-07:00,0,17
style.css,37,css,660f266a,ezzz-coder,2026-04-08,18:06:43,-07:00,2026-04-08T18:06:43-07:00,0,23
style.css,38,css,660f266a,ezzz-coder,2026-04-08,18:06:43,-07:00,2026-04-08T18:06:43-07:00,0,25
style.css,39,css,6932824d,ezzz-coder,2026-04-15,17:01:59,-07:00,2026-04-15T17:01:59-07:00,0,39
style.css,40,css,660f266a,ezzz-coder,2026-04-08,18:06:43,-07:00,2026-04-08T18:06:43-07:00,0,0
style.css,41,css,660f266a,ezzz-coder,2026-04-08,18:06:43,-07:00,2026-04-08T18:06:43-07:00,0,0
style.css,42,css,660f266a,ezzz-coder,2026-04-08,18:06:43,-07:00,2026-04-08T18:06:43-07:00,0,0
style.css,43,css,660f266a,ezzz-coder,2026-04-08,18:06:43,-07:00,2026-04-08T18:06:43-07:00,0,4
style.css,44,css,660f266a,ezzz-coder,2026-04-08,18:06:43,-07:00,2026-04-08T18:06:43-07:00,0,6
style.css,45,css,660f266a,ezzz-coder,2026-04-08,18:06:43,-07:00,2026-04-08T18:06:43-07:00,0,20
style.css,46,css,660f266a,ezzz-coder,2026-04-08,18:06:43,-07:00,2026-04-08T18:06:43-07:00,0,13
style.css,47,css,660f266a,ezzz-coder,2026-04-08,18:06:43,-07:00,2026-04-08T18:06:43-07:00,0,17
style.css,48,css,660f266a,ezzz-coder,2026-04-08,18:06:43,-07:00,2026-04-08T18:06:43-07:00,0,13
style.css,49,css,660f266a,ezzz-coder,2026-04-08,18:06:43,-07:00,2026-04-08T18:06:43-07:00,0,0
style.css,50,css,660f266a,ezzz-coder,2026-04-08,18:06:43,-07:00,2026-04-08T18:06:43-07:00,0,0
style.css,51,css,660f266a,ezzz-coder,2026-04-08,18:06:43,-07:00,2026-04-08T18:06:43-07:00,0,7
style.css,52,css,6932824d,ezzz-coder,2026-04-15,17:01:59,-07:00,2026-04-15T17:01:59-07:00,0,45
style.css,53,css,660f266a,ezzz-coder,2026-04-08,18:06:43,-07:00,2026-04-08T18:06:43-07:00,0,20
style.css,54,css,cd054903,ezzz-coder,2026-04-08,18:09:47,-07:00,2026-04-08T18:09:47-07:00,0,15
style.css,55,css,660f266a,ezzz-coder,2026-04-08,18:06:43,-07:00,2026-04-08T18:06:43-07:00,0,0
style.css,56,css,660f266a,ezzz-coder,2026-04-08,18:06:43,-07:00,2026-04-08T18:06:43-07:00,0,0
style.css,57,css,660f266a,ezzz-coder,2026-04-08,18:06:43,-07:00,2026-04-08T18:06:43-07:00,0,10
style.css,58,css,660f266a,ezzz-coder,2026-04-08,18:06:43,-07:00,2026-04-08T18:06:43-07:00,0,45
style.css,59,css,660f266a,ezzz-coder,2026-04-08,18:06:43,-07:00,2026-04-08T18:06:43-07:00,0,20
style.css,60,css,660f266a,ezzz-coder,2026-04-08,18:06:43,-07:00,2026-04-08T18:06:43-07:00,0,0
style.css,61,css,660f266a,ezzz-coder,2026-04-08,18:06:43,-07:00,2026-04-08T18:06:43-07:00,0,0
style.css,62,css,6932824d,ezzz-coder,2026-04-15,17:01:59,-07:00,2026-04-15T17:01:59-07:00,0,30
style.css,63,css,6932824d,ezzz-coder,2026-04-15,17:01:59,-07:00,2026-04-15T17:01:59-07:00,0,19
style.css,64,css,660f266a,ezzz-coder,2026-04-08,18:06:43,-07:00,2026-04-08T18:06:43-07:00,0,0
style.css,65,css,660f266a,ezzz-coder,2026-04-08,18:06:43,-07:00,2026-04-08T18:06:43-07:00,0,0
style.css,66,css,4002ad2c,ezzz-coder,2026-04-30,23:01:50,-07:00,2026-04-30T23:01:50-07:00,0,10
style.css,67,css,4002ad2c,ezzz-coder,2026-04-30,23:01:50,-07:00,2026-04-30T23:01:50-07:00,0,13
style.css,68,css,4002ad2c,ezzz-coder,2026-04-30,23:01:50,-07:00,2026-04-30T23:01:50-07:00,0,10
style.css,69,css,4002ad2c,ezzz-coder,2026-04-30,23:01:50,-07:00,2026-04-30T23:01:50-07:00,0,15
style.css,70,css,4002ad2c,ezzz-coder,2026-04-30,23:01:50,-07:00,2026-04-30T23:01:50-07:00,0,20
style.css,71,css,4002ad2c,ezzz-coder,2026-04-30,23:01:50,-07:00,2026-04-30T23:01:50-07:00,0,69
style.css,72,css,4002ad2c,ezzz-coder,2026-04-30,23:01:50,-07:00,2026-04-30T23:01:50-07:00,0,19
style.css,73,css,4002ad2c,ezzz-coder,2026-04-30,23:01:50,-07:00,2026-04-30T23:01:50-07:00,0,59
style.css,74,css,4002ad2c,ezzz-coder,2026-04-30,23:01:50,-07:00,2026-04-30T23:01:50-07:00,0,13
style.css,75,css,4002ad2c,ezzz-coder,2026-04-30,23:01:50,-07:00,2026-04-30T23:01:50-07:00,0,38
style.css,76,css,4002ad2c,ezzz-coder,2026-04-30,23:01:50,-07:00,2026-04-30T23:01:50-07:00,0,0
style.css,77,css,4002ad2c,ezzz-coder,2026-04-30,23:01:50,-07:00,2026-04-30T23:01:50-07:00,0,0
style.css,78,css,4002ad2c,ezzz-coder,2026-04-30,23:01:50,-07:00,2026-04-30T23:01:50-07:00,0,23
style.css,79,css,4002ad2c,ezzz-coder,2026-04-30,23:01:50,-07:00,2026-04-30T23:01:50-07:00,0,58
style.css,80,css,4002ad2c,ezzz-coder,2026-04-30,23:01:50,-07:00,2026-04-30T23:01:50-07:00,0,0
style.css,81,css,4002ad2c,ezzz-coder,2026-04-30,23:01:50,-07:00,2026-04-30T23:01:50-07:00,0,0
style.css,82,css,4002ad2c,ezzz-coder,2026-04-30,23:01:50,-07:00,2026-04-30T23:01:50-07:00,0,16
style.css,83,css,4002ad2c,ezzz-coder,2026-04-30,23:01:50,-07:00,2026-04-30T23:01:50-07:00,0,37
style.css,84,css,4002ad2c,ezzz-coder,2026-04-30,23:01:50,-07:00,2026-04-30T23:01:50-07:00,0,18
style.css,85,css,4002ad2c,ezzz-coder,2026-04-30,23:01:50,-07:00,2026-04-30T23:01:50-07:00,0,0
style.css,86,css,4002ad2c,ezzz-coder,2026-04-30,23:01:50,-07:00,2026-04-30T23:01:50-07:00,0,0
style.css,87,css,660f266a,ezzz-coder,2026-04-08,18:06:43,-07:00,2026-04-08T18:06:43-07:00,0,3
style.css,88,css,660f266a,ezzz-coder,2026-04-08,18:06:43,-07:00,2026-04-08T18:06:43-07:00,0,12
style.css,89,css,660f266a,ezzz-coder,2026-04-08,18:06:43,-07:00,2026-04-08T18:06:43-07:00,0,30
style.css,90,css,660f266a,ezzz-coder,2026-04-08,18:06:43,-07:00,2026-04-08T18:06:43-07:00,0,7
style.css,91,css,660f266a,ezzz-coder,2026-04-08,18:06:43,-07:00,2026-04-08T18:06:43-07:00,0,0
style.css,92,css,660f266a,ezzz-coder,2026-04-08,18:06:43,-07:00,2026-04-08T18:06:43-07:00,0,0
style.css,93,css,660f266a,ezzz-coder,2026-04-08,18:06:43,-07:00,2026-04-08T18:06:43-07:00,0,4
style.css,94,css,660f266a,ezzz-coder,2026-04-08,18:06:43,-07:00,2026-04-08T18:06:43-07:00,0,12
style.css,95,css,660f266a,ezzz-coder,2026-04-08,18:06:43,-07:00,2026-04-08T18:06:43-07:00,0,29
style.css,96,css,660f266a,ezzz-coder,2026-04-08,18:06:43,-07:00,2026-04-08T18:06:43-07:00,0,18
style.css,97,css,872acb4d,ezzz-coder,2026-04-03,11:15:40,-07:00,2026-04-03T11:15:40-07:00,0,0
style.css,98,css,872acb4d,ezzz-coder,2026-04-03,11:15:40,-07:00,2026-04-03T11:15:40-07:00,0,0
style.css,99,css,660f266a,ezzz-coder,2026-04-08,18:06:43,-07:00,2026-04-08T18:06:43-07:00,0,5
style.css,100,css,660f266a,ezzz-coder,2026-04-08,18:06:43,-07:00,2026-04-08T18:06:43-07:00,0,18
style.css,101,css,660f266a,ezzz-coder,2026-04-08,18:06:43,-07:00,2026-04-08T18:06:43-07:00,0,0
style.css,102,css,660f266a,ezzz-coder,2026-04-08,18:06:43,-07:00,2026-04-08T18:06:43-07:00,0,0
style.css,103,css,660f266a,ezzz-coder,2026-04-08,18:06:43,-07:00,2026-04-08T18:06:43-07:00,0,8
style.css,104,css,660f266a,ezzz-coder,2026-04-08,18:06:43,-07:00,2026-04-08T18:06:43-07:00,0,12
style.css,105,css,660f266a,ezzz-coder,2026-04-08,18:06:43,-07:00,2026-04-08T18:06:43-07:00,0,58
style.css,106,css,660f266a,ezzz-coder,2026-04-08,18:06:43,-07:00,2026-04-08T18:06:43-07:00,0,7
style.css,107,css,660f266a,ezzz-coder,2026-04-08,18:06:43,-07:00,2026-04-08T18:06:43-07:00,0,0
style.css,108,css,660f266a,ezzz-coder,2026-04-08,18:06:43,-07:00,2026-04-08T18:06:43-07:00,0,0
style.css,109,css,660f266a,ezzz-coder,2026-04-08,18:06:43,-07:00,2026-04-08T18:06:43-07:00,0,16
style.css,110,css,660f266a,ezzz-coder,2026-04-08,18:06:43,-07:00,2026-04-08T18:06:43-07:00,0,12
style.css,111,css,660f266a,ezzz-coder,2026-04-08,18:06:43,-07:00,2026-04-08T18:06:43-07:00,0,26
style.css,112,css,660f266a,ezzz-coder,2026-04-08,18:06:43,-07:00,2026-04-08T18:06:43-07:00,0,15
style.css,113,css,660f266a,ezzz-coder,2026-04-08,18:06:43,-07:00,2026-04-08T18:06:43-07:00,0,0
style.css,114,css,660f266a,ezzz-coder,2026-04-08,18:06:43,-07:00,2026-04-08T18:06:43-07:00,0,0
style.css,115,css,660f266a,ezzz-coder,2026-04-08,18:06:43,-07:00,2026-04-08T18:06:43-07:00,0,11
style.css,116,css,660f266a,ezzz-coder,2026-04-08,18:06:43,-07:00,2026-04-08T18:06:43-07:00,0,8
style.css,117,css,660f266a,ezzz-coder,2026-04-08,18:06:43,-07:00,2026-04-08T18:06:43-07:00,0,0
style.css,118,css,660f266a,ezzz-coder,2026-04-08,18:06:43,-07:00,2026-04-08T18:06:43-07:00,0,0
style.css,119,css,660f266a,ezzz-coder,2026-04-08,18:06:43,-07:00,2026-04-08T18:06:43-07:00,0,12
style.css,120,css,872acb4d,ezzz-coder,2026-04-03,11:15:40,-07:00,2026-04-03T11:15:40-07:00,0,22
style.css,121,css,660f266a,ezzz-coder,2026-04-08,18:06:43,-07:00,2026-04-08T18:06:43-07:00,0,0
style.css,122,css,660f266a,ezzz-coder,2026-04-08,18:06:43,-07:00,2026-04-08T18:06:43-07:00,0,0
style.css,123,css,660f266a,ezzz-coder,2026-04-08,18:06:43,-07:00,2026-04-08T18:06:43-07:00,0,17
style.css,124,css,660f266a,ezzz-coder,2026-04-08,18:06:43,-07:00,2026-04-08T18:06:43-07:00,0,12
style.css,125,css,660f266a,ezzz-coder,2026-04-08,18:06:43,-07:00,2026-04-08T18:06:43-07:00,0,10
style.css,126,css,660f266a,ezzz-coder,2026-04-08,18:06:43,-07:00,2026-04-08T18:06:43-07:00,0,0
style.css,127,css,660f266a,ezzz-coder,2026-04-08,18:06:43,-07:00,2026-04-08T18:06:43-07:00,0,0
style.css,128,css,660f266a,ezzz-coder,2026-04-08,18:06:43,-07:00,2026-04-08T18:06:43-07:00,0,20
style.css,129,css,660f266a,ezzz-coder,2026-04-08,18:06:43,-07:00,2026-04-08T18:06:43-07:00,0,19
style.css,130,css,6932824d,ezzz-coder,2026-04-15,17:01:59,-07:00,2026-04-15T17:01:59-07:00,0,69
style.css,131,css,660f266a,ezzz-coder,2026-04-08,18:06:43,-07:00,2026-04-08T18:06:43-07:00,0,20
style.css,132,css,6932824d,ezzz-coder,2026-04-15,17:01:59,-07:00,2026-04-15T17:01:59-07:00,0,63
style.css,133,css,660f266a,ezzz-coder,2026-04-08,18:06:43,-07:00,2026-04-08T18:06:43-07:00,0,0
style.css,134,css,660f266a,ezzz-coder,2026-04-08,18:06:43,-07:00,2026-04-08T18:06:43-07:00,0,0
style.css,135,css,660f266a,ezzz-coder,2026-04-08,18:06:43,-07:00,2026-04-08T18:06:43-07:00,0,25
style.css,136,css,660f266a,ezzz-coder,2026-04-08,18:06:43,-07:00,2026-04-08T18:06:43-07:00,0,16
style.css,137,css,660f266a,ezzz-coder,2026-04-08,18:06:43,-07:00,2026-04-08T18:06:43-07:00,0,17
style.css,138,css,660f266a,ezzz-coder,2026-04-08,18:06:43,-07:00,2026-04-08T18:06:43-07:00,0,22
style.css,139,css,660f266a,ezzz-coder,2026-04-08,18:06:43,-07:00,2026-04-08T18:06:43-07:00,0,46
style.css,140,css,660f266a,ezzz-coder,2026-04-08,18:06:43,-07:00,2026-04-08T18:06:43-07:00,0,0
style.css,141,css,660f266a,ezzz-coder,2026-04-08,18:06:43,-07:00,2026-04-08T18:06:43-07:00,0,0
style.css,142,css,660f266a,ezzz-coder,2026-04-08,18:06:43,-07:00,2026-04-08T18:06:43-07:00,0,30
style.css,143,css,660f266a,ezzz-coder,2026-04-08,18:06:43,-07:00,2026-04-08T18:06:43-07:00,0,15
style.css,144,css,660f266a,ezzz-coder,2026-04-08,18:06:43,-07:00,2026-04-08T18:06:43-07:00,0,16
style.css,145,css,6932824d,ezzz-coder,2026-04-15,17:01:59,-07:00,2026-04-15T17:01:59-07:00,0,74
style.css,146,css,660f266a,ezzz-coder,2026-04-08,18:06:43,-07:00,2026-04-08T18:06:43-07:00,0,0
style.css,147,css,660f266a,ezzz-coder,2026-04-08,18:06:43,-07:00,2026-04-08T18:06:43-07:00,0,0
style.css,148,css,660f266a,ezzz-coder,2026-04-08,18:06:43,-07:00,2026-04-08T18:06:43-07:00,0,15
style.css,149,css,660f266a,ezzz-coder,2026-04-08,18:06:43,-07:00,2026-04-08T18:06:43-07:00,0,16
style.css,150,css,660f266a,ezzz-coder,2026-04-08,18:06:43,-07:00,2026-04-08T18:06:43-07:00,0,8
style.css,151,css,660f266a,ezzz-coder,2026-04-08,18:06:43,-07:00,2026-04-08T18:06:43-07:00,0,0
style.css,152,css,660f266a,ezzz-coder,2026-04-08,18:06:43,-07:00,2026-04-08T18:06:43-07:00,0,0
style.css,153,css,660f266a,ezzz-coder,2026-04-08,18:06:43,-07:00,2026-04-08T18:06:43-07:00,0,14
style.css,154,css,660f266a,ezzz-coder,2026-04-08,18:06:43,-07:00,2026-04-08T18:06:43-07:00,0,22
style.css,155,css,660f266a,ezzz-coder,2026-04-08,18:06:43,-07:00,2026-04-08T18:06:43-07:00,0,0
style.css,156,css,660f266a,ezzz-coder,2026-04-08,18:06:43,-07:00,2026-04-08T18:06:43-07:00,0,0
style.css,157,css,660f266a,ezzz-coder,2026-04-08,18:06:43,-07:00,2026-04-08T18:06:43-07:00,0,15
style.css,158,css,660f266a,ezzz-coder,2026-04-08,18:06:43,-07:00,2026-04-08T18:06:43-07:00,0,18
style.css,159,css,660f266a,ezzz-coder,2026-04-08,18:06:43,-07:00,2026-04-08T18:06:43-07:00,0,19
style.css,160,css,660f266a,ezzz-coder,2026-04-08,18:06:43,-07:00,2026-04-08T18:06:43-07:00,0,15
style.css,161,css,660f266a,ezzz-coder,2026-04-08,18:06:43,-07:00,2026-04-08T18:06:43-07:00,0,0
style.css,162,css,660f266a,ezzz-coder,2026-04-08,18:06:43,-07:00,2026-04-08T18:06:43-07:00,0,0
style.css,163,css,660f266a,ezzz-coder,2026-04-08,18:06:43,-07:00,2026-04-08T18:06:43-07:00,0,20
style.css,164,css,660f266a,ezzz-coder,2026-04-08,18:06:43,-07:00,2026-04-08T18:06:43-07:00,0,18
style.css,165,css,660f266a,ezzz-coder,2026-04-08,18:06:43,-07:00,2026-04-08T18:06:43-07:00,0,0
style.css,166,css,660f266a,ezzz-coder,2026-04-08,18:06:43,-07:00,2026-04-08T18:06:43-07:00,0,0
style.css,167,css,660f266a,ezzz-coder,2026-04-08,18:06:43,-07:00,2026-04-08T18:06:43-07:00,0,17
style.css,168,css,660f266a,ezzz-coder,2026-04-08,18:06:43,-07:00,2026-04-08T18:06:43-07:00,0,15
style.css,169,css,660f266a,ezzz-coder,2026-04-08,18:06:43,-07:00,2026-04-08T18:06:43-07:00,0,0
style.css,170,css,6932824d,ezzz-coder,2026-04-15,17:01:59,-07:00,2026-04-15T17:01:59-07:00,0,0
style.css,171,css,bb9ddd26,ezzz-coder,2026-04-23,22:12:48,-07:00,2026-04-23T22:12:48-07:00,0,17
style.css,172,css,bb9ddd26,ezzz-coder,2026-04-23,22:12:48,-07:00,2026-04-23T22:12:48-07:00,0,12
style.css,173,css,bb9ddd26,ezzz-coder,2026-04-23,22:12:48,-07:00,2026-04-23T22:12:48-07:00,0,36
style.css,174,css,bb9ddd26,ezzz-coder,2026-04-23,22:12:48,-07:00,2026-04-23T22:12:48-07:00,0,9
style.css,175,css,bb9ddd26,ezzz-coder,2026-04-23,22:12:48,-07:00,2026-04-23T22:12:48-07:00,0,8
style.css,176,css,bb9ddd26,ezzz-coder,2026-04-23,22:12:48,-07:00,2026-04-23T22:12:48-07:00,0,17
style.css,177,css,bb9ddd26,ezzz-coder,2026-04-23,22:12:48,-07:00,2026-04-23T22:12:48-07:00,0,0
style.css,178,css,bb9ddd26,ezzz-coder,2026-04-23,22:12:48,-07:00,2026-04-23T22:12:48-07:00,0,0
style.css,179,css,bb9ddd26,ezzz-coder,2026-04-23,22:12:48,-07:00,2026-04-23T22:12:48-07:00,0,17
style.css,180,css,bb9ddd26,ezzz-coder,2026-04-23,22:12:48,-07:00,2026-04-23T22:12:48-07:00,0,10
style.css,181,css,bb9ddd26,ezzz-coder,2026-04-23,22:12:48,-07:00,2026-04-23T22:12:48-07:00,0,17
style.css,182,css,bb9ddd26,ezzz-coder,2026-04-23,22:12:48,-07:00,2026-04-23T22:12:48-07:00,0,24
style.css,183,css,bb9ddd26,ezzz-coder,2026-04-23,22:12:48,-07:00,2026-04-23T22:12:48-07:00,0,21
style.css,184,css,bb9ddd26,ezzz-coder,2026-04-23,22:12:48,-07:00,2026-04-23T22:12:48-07:00,0,58
style.css,185,css,bb9ddd26,ezzz-coder,2026-04-23,22:12:48,-07:00,2026-04-23T22:12:48-07:00,0,0
style.css,186,css,bb9ddd26,ezzz-coder,2026-04-23,22:12:48,-07:00,2026-04-23T22:12:48-07:00,0,0
style.css,187,css,bb9ddd26,ezzz-coder,2026-04-23,22:12:48,-07:00,2026-04-23T22:12:48-07:00,0,17
style.css,188,css,bb9ddd26,ezzz-coder,2026-04-23,22:12:48,-07:00,2026-04-23T22:12:48-07:00,0,10
style.css,189,css,bb9ddd26,ezzz-coder,2026-04-23,22:12:48,-07:00,2026-04-23T22:12:48-07:00,0,8
style.css,190,css,bb9ddd26,ezzz-coder,2026-04-23,22:12:48,-07:00,2026-04-23T22:12:48-07:00,0,14
style.css,191,css,bb9ddd26,ezzz-coder,2026-04-23,22:12:48,-07:00,2026-04-23T22:12:48-07:00,0,15
style.css,192,css,bb9ddd26,ezzz-coder,2026-04-23,22:12:48,-07:00,2026-04-23T22:12:48-07:00,0,25
style.css,193,css,bb9ddd26,ezzz-coder,2026-04-23,22:12:48,-07:00,2026-04-23T22:12:48-07:00,0,0
style.css,194,css,bb9ddd26,ezzz-coder,2026-04-23,22:12:48,-07:00,2026-04-23T22:12:48-07:00,0,0
style.css,195,css,6932824d,ezzz-coder,2026-04-15,17:01:59,-07:00,2026-04-15T17:01:59-07:00,0,13
style.css,196,css,6932824d,ezzz-coder,2026-04-15,17:01:59,-07:00,2026-04-15T17:01:59-07:00,0,17
style.css,197,css,6932824d,ezzz-coder,2026-04-15,17:01:59,-07:00,2026-04-15T17:01:59-07:00,0,8
style.css,198,css,6932824d,ezzz-coder,2026-04-15,17:01:59,-07:00,2026-04-15T17:01:59-07:00,0,10
style.css,199,css,6932824d,ezzz-coder,2026-04-15,17:01:59,-07:00,2026-04-15T17:01:59-07:00,0,13
style.css,200,css,6932824d,ezzz-coder,2026-04-15,17:01:59,-07:00,2026-04-15T17:01:59-07:00,0,0
style.css,201,css,6932824d,ezzz-coder,2026-04-15,17:01:59,-07:00,2026-04-15T17:01:59-07:00,0,0
style.css,202,css,4002ad2c,ezzz-coder,2026-04-30,23:01:50,-07:00,2026-04-30T23:01:50-07:00,0,18
style.css,203,css,4002ad2c,ezzz-coder,2026-04-30,23:01:50,-07:00,2026-04-30T23:01:50-07:00,1,14
style.css,204,css,4002ad2c,ezzz-coder,2026-04-30,23:01:50,-07:00,2026-04-30T23:01:50-07:00,1,16
style.css,205,css,4002ad2c,ezzz-coder,2026-04-30,23:01:50,-07:00,2026-04-30T23:01:50-07:00,1,13
style.css,206,css,4002ad2c,ezzz-coder,2026-04-30,23:01:50,-07:00,2026-04-30T23:01:50-07:00,0,0
style.css,207,css,4002ad2c,ezzz-coder,2026-04-30,23:01:50,-07:00,2026-04-30T23:01:50-07:00,0,0
style.css,208,css,4002ad2c,ezzz-coder,2026-04-30,23:01:50,-07:00,2026-04-30T23:01:50-07:00,0,7
style.css,209,css,4002ad2c,ezzz-coder,2026-04-30,23:01:50,-07:00,2026-04-30T23:01:50-07:00,0,20
style.css,210,css,4002ad2c,ezzz-coder,2026-04-30,23:01:50,-07:00,2026-04-30T23:01:50-07:00,0,9
style.css,211,css,4002ad2c,ezzz-coder,2026-04-30,23:01:50,-07:00,2026-04-30T23:01:50-07:00,0,18
style.css,212,css,4002ad2c,ezzz-coder,2026-04-30,23:01:50,-07:00,2026-04-30T23:01:50-07:00,0,29
style.css,213,css,4002ad2c,ezzz-coder,2026-04-30,23:01:50,-07:00,2026-04-30T23:01:50-07:00,0,17
style.css,214,css,4002ad2c,ezzz-coder,2026-04-30,23:01:50,-07:00,2026-04-30T23:01:50-07:00,0,0
style.css,215,css,4002ad2c,ezzz-coder,2026-04-30,23:01:50,-07:00,2026-04-30T23:01:50-07:00,0,0
style.css,216,css,4002ad2c,ezzz-coder,2026-04-30,23:01:50,-07:00,2026-04-30T23:01:50-07:00,0,6
style.css,217,css,4002ad2c,ezzz-coder,2026-04-30,23:01:50,-07:00,2026-04-30T23:01:50-07:00,0,11
style.css,218,css,4002ad2c,ezzz-coder,2026-04-30,23:01:50,-07:00,2026-04-30T23:01:50-07:00,0,57
style.css,219,css,4002ad2c,ezzz-coder,2026-04-30,23:01:50,-07:00,2026-04-30T23:01:50-07:00,0,9
style.css,220,css,4002ad2c,ezzz-coder,2026-04-30,23:01:50,-07:00,2026-04-30T23:01:50-07:00,0,69
style.css,221,css,4002ad2c,ezzz-coder,2026-04-30,23:01:50,-07:00,2026-04-30T23:01:50-07:00,0,11
style.css,222,css,4002ad2c,ezzz-coder,2026-04-30,23:01:50,-07:00,2026-04-30T23:01:50-07:00,0,14
style.css,223,css,4002ad2c,ezzz-coder,2026-04-30,23:01:50,-07:00,2026-04-30T23:01:50-07:00,0,19
style.css,224,css,4002ad2c,ezzz-coder,2026-04-30,23:01:50,-07:00,2026-04-30T23:01:50-07:00,0,5
style.css,225,css,4002ad2c,ezzz-coder,2026-04-30,23:01:50,-07:00,2026-04-30T23:01:50-07:00,0,0
style.css,226,css,4002ad2c,ezzz-coder,2026-04-30,23:01:50,-07:00,2026-04-30T23:01:50-07:00,0,0
style.css,227,css,4002ad2c,ezzz-coder,2026-04-30,23:01:50,-07:00,2026-04-30T23:01:50-07:00,0,11
style.css,228,css,4002ad2c,ezzz-coder,2026-04-30,23:01:50,-07:00,2026-04-30T23:01:50-07:00,0,11
style.css,229,css,4002ad2c,ezzz-coder,2026-04-30,23:01:50,-07:00,2026-04-30T23:01:50-07:00,0,18
style.css,230,css,4002ad2c,ezzz-coder,2026-04-30,23:01:50,-07:00,2026-04-30T23:01:50-07:00,0,9
style.css,231,css,4002ad2c,ezzz-coder,2026-04-30,23:01:50,-07:00,2026-04-30T23:01:50-07:00,0,0
style.css,232,css,4002ad2c,ezzz-coder,2026-04-30,23:01:50,-07:00,2026-04-30T23:01:50-07:00,0,0
style.css,233,css,4002ad2c,ezzz-coder,2026-04-30,23:01:50,-07:00,2026-04-30T23:01:50-07:00,0,9
style.css,234,css,4002ad2c,ezzz-coder,2026-04-30,23:01:50,-07:00,2026-04-30T23:01:50-07:00,0,11
style.css,235,css,4002ad2c,ezzz-coder,2026-04-30,23:01:50,-07:00,2026-04-30T23:01:50-07:00,0,18
style.css,236,css,4002ad2c,ezzz-coder,2026-04-30,23:01:50,-07:00,2026-04-30T23:01:50-07:00,0,8
style.css,237,css,4002ad2c,ezzz-coder,2026-04-30,23:01:50,-07:00,2026-04-30T23:01:50-07:00,0,0
style.css,238,css,4002ad2c,ezzz-coder,2026-04-30,23:01:50,-07:00,2026-04-30T23:01:50-07:00,0,0
style.css,239,css,4002ad2c,ezzz-coder,2026-04-30,23:01:50,-07:00,2026-04-30T23:01:50-07:00,0,4
style.css,240,css,4002ad2c,ezzz-coder,2026-04-30,23:01:50,-07:00,2026-04-30T23:01:50-07:00,1,16
style.css,241,css,4002ad2c,ezzz-coder,2026-04-30,23:01:50,-07:00,2026-04-30T23:01:50-07:00,0,0
style.css,242,css,4002ad2c,ezzz-coder,2026-04-30,23:01:50,-07:00,2026-04-30T23:01:50-07:00,0,0
style.css,243,css,4002ad2c,ezzz-coder,2026-04-30,23:01:50,-07:00,2026-04-30T23:01:50-07:00,0,17
style.css,244,css,4002ad2c,ezzz-coder,2026-04-30,23:01:50,-07:00,2026-04-30T23:01:50-07:00,1,16
style.css,245,css,4002ad2c,ezzz-coder,2026-04-30,23:01:50,-07:00,2026-04-30T23:01:50-07:00,2,11
style.css,246,css,4002ad2c,ezzz-coder,2026-04-30,23:01:50,-07:00,2026-04-30T23:01:50-07:00,1,0
style.css,247,css,4002ad2c,ezzz-coder,2026-04-30,23:01:50,-07:00,2026-04-30T23:01:50-07:00,0,0
style.css,248,css,4002ad2c,ezzz-coder,2026-04-30,23:01:50,-07:00,2026-04-30T23:01:50-07:00,0,0
style.css,249,css,4002ad2c,ezzz-coder,2026-04-30,23:01:50,-07:00,2026-04-30T23:01:50-07:00,0,9
style.css,250,css,4002ad2c,ezzz-coder,2026-04-30,23:01:50,-07:00,2026-04-30T23:01:50-07:00,1,35
style.css,251,css,4002ad2c,ezzz-coder,2026-04-30,23:01:50,-07:00,2026-04-30T23:01:50-07:00,0,0
style.css,252,css,4002ad2c,ezzz-coder,2026-04-30,23:01:50,-07:00,2026-04-30T23:01:50-07:00,1,10
style.css,253,css,4002ad2c,ezzz-coder,2026-04-30,23:01:50,-07:00,2026-04-30T23:01:50-07:00,2,17
style.css,254,css,4002ad2c,ezzz-coder,2026-04-30,23:01:50,-07:00,2026-04-30T23:01:50-07:00,1,0
style.css,255,css,4002ad2c,ezzz-coder,2026-04-30,23:01:50,-07:00,2026-04-30T23:01:50-07:00,0,0
index.js,1,js,bb9ddd26,ezzz-coder,2026-04-23,22:12:48,-07:00,2026-04-23T22:12:48-07:00,0,70
index.js,2,js,bb9ddd26,ezzz-coder,2026-04-23,22:12:48,-07:00,2026-04-23T22:12:48-07:00,0,0
index.js,3,js,bb9ddd26,ezzz-coder,2026-04-23,22:12:48,-07:00,2026-04-23T22:12:48-07:00,0,54
index.js,4,js,bb9ddd26,ezzz-coder,2026-04-23,22:12:48,-07:00,2026-04-23T22:12:48-07:00,0,42
index.js,5,js,bb9ddd26,ezzz-coder,2026-04-23,22:12:48,-07:00,2026-04-23T22:12:48-07:00,0,0
index.js,6,js,bb9ddd26,ezzz-coder,2026-04-23,22:12:48,-07:00,2026-04-23T22:12:48-07:00,0,60
index.js,7,js,bb9ddd26,ezzz-coder,2026-04-23,22:12:48,-07:00,2026-04-23T22:12:48-07:00,0,54
index.js,8,js,bb9ddd26,ezzz-coder,2026-04-23,22:12:48,-07:00,2026-04-23T22:12:48-07:00,0,0
index.js,9,js,bb9ddd26,ezzz-coder,2026-04-23,22:12:48,-07:00,2026-04-23T22:12:48-07:00,0,53
index.js,10,js,bb9ddd26,ezzz-coder,2026-04-23,22:12:48,-07:00,2026-04-23T22:12:48-07:00,0,0
index.js,11,js,bb9ddd26,ezzz-coder,2026-04-23,22:12:48,-07:00,2026-04-23T22:12:48-07:00,0,60
index.js,12,js,bb9ddd26,ezzz-coder,2026-04-23,22:12:48,-07:00,2026-04-23T22:12:48-07:00,0,17
index.js,13,js,bb9ddd26,ezzz-coder,2026-04-23,22:12:48,-07:00,2026-04-23T22:12:48-07:00,1,24
index.js,14,js,bb9ddd26,ezzz-coder,2026-04-23,22:12:48,-07:00,2026-04-23T22:12:48-07:00,4,2
index.js,15,js,bb9ddd26,ezzz-coder,2026-04-23,22:12:48,-07:00,2026-04-23T22:12:48-07:00,5,55
index.js,16,js,bb9ddd26,ezzz-coder,2026-04-23,22:12:48,-07:00,2026-04-23T22:12:48-07:00,5,55
index.js,17,js,bb9ddd26,ezzz-coder,2026-04-23,22:12:48,-07:00,2026-04-23T22:12:48-07:00,5,49
index.js,18,js,bb9ddd26,ezzz-coder,2026-04-23,22:12:48,-07:00,2026-04-23T22:12:48-07:00,5,49
index.js,19,js,bb9ddd26,ezzz-coder,2026-04-23,22:12:48,-07:00,2026-04-23T22:12:48-07:00,4,3
index.js,20,js,bb9ddd26,ezzz-coder,2026-04-23,22:12:48,-07:00,2026-04-23T22:12:48-07:00,2,0
index.js,21,js,bb9ddd26,ezzz-coder,2026-04-23,22:12:48,-07:00,2026-04-23T22:12:48-07:00,0,0
index.html,1,html,e0d0ad40,ezzz-coder,2026-04-02,13:26:41,-07:00,2026-04-02T13:26:41-07:00,0,13
index.html,2,html,e0d0ad40,ezzz-coder,2026-04-02,13:26:41,-07:00,2026-04-02T13:26:41-07:00,0,14
index.html,3,html,bb9ddd26,ezzz-coder,2026-04-23,22:12:48,-07:00,2026-04-23T22:12:48-07:00,0,0
index.html,4,html,e0d0ad40,ezzz-coder,2026-04-02,13:26:41,-07:00,2026-04-02T13:26:41-07:00,0,4
index.html,5,html,e0d0ad40,ezzz-coder,2026-04-02,13:26:41,-07:00,2026-04-02T13:26:41-07:00,2,20
index.html,6,html,e0d0ad40,ezzz-coder,2026-04-02,13:26:41,-07:00,2026-04-02T13:26:41-07:00,2,68
index.html,7,html,cde22170,ezzz-coder,2026-04-03,10:58:07,-07:00,2026-04-03T10:58:07-07:00,2,38
index.html,8,html,e0d0ad40,ezzz-coder,2026-04-02,13:26:41,-07:00,2026-04-02T13:26:41-07:00,2,48
index.html,9,html,e0d0ad40,ezzz-coder,2026-04-02,13:26:41,-07:00,2026-04-02T13:26:41-07:00,0,5
index.html,10,html,bb9ddd26,ezzz-coder,2026-04-23,22:12:48,-07:00,2026-04-23T22:12:48-07:00,0,0
index.html,11,html,e0d0ad40,ezzz-coder,2026-04-02,13:26:41,-07:00,2026-04-02T13:26:41-07:00,0,4
index.html,12,html,660f266a,ezzz-coder,2026-04-08,18:06:43,-07:00,2026-04-08T18:06:43-07:00,2,19
index.html,13,html,660f266a,ezzz-coder,2026-04-08,18:06:43,-07:00,2026-04-08T18:06:43-07:00,2,33
index.html,14,html,30af25e2,ezzz-coder,2026-04-10,00:04:23,-07:00,2026-04-10T00:04:23-07:00,2,75
index.html,15,html,fb680bb8,ezzz-coder,2026-04-15,14:11:39,-07:00,2026-04-15T14:11:39-07:00,0,0
index.html,16,html,bb9ddd26,ezzz-coder,2026-04-23,22:12:48,-07:00,2026-04-23T22:12:48-07:00,2,22
index.html,17,html,bb9ddd26,ezzz-coder,2026-04-23,22:12:48,-07:00,2026-04-23T22:12:48-07:00,2,20
index.html,18,html,bb9ddd26,ezzz-coder,2026-04-23,22:12:48,-07:00,2026-04-23T22:12:48-07:00,2,4
index.html,19,html,bb9ddd26,ezzz-coder,2026-04-23,22:12:48,-07:00,2026-04-23T22:12:48-07:00,2,19
index.html,20,html,bb9ddd26,ezzz-coder,2026-04-23,22:12:48,-07:00,2026-04-23T22:12:48-07:00,2,28
index.html,21,html,bb9ddd26,ezzz-coder,2026-04-23,22:12:48,-07:00,2026-04-23T22:12:48-07:00,0,0
index.html,22,html,bb9ddd26,ezzz-coder,2026-04-23,22:12:48,-07:00,2026-04-23T22:12:48-07:00,2,45
index.html,23,html,bb9ddd26,ezzz-coder,2026-04-23,22:12:48,-07:00,2026-04-23T22:12:48-07:00,2,50
index.html,24,html,fb680bb8,ezzz-coder,2026-04-15,14:11:39,-07:00,2026-04-15T14:11:39-07:00,0,0
index.html,25,html,e0d0ad40,ezzz-coder,2026-04-02,13:26:41,-07:00,2026-04-02T13:26:41-07:00,0,5
index.html,26,html,bb9ddd26,ezzz-coder,2026-04-23,22:12:48,-07:00,2026-04-23T22:12:48-07:00,0,0
index.html,27,html,e0d0ad40,ezzz-coder,2026-04-02,13:26:41,-07:00,2026-04-02T13:26:41-07:00,0,5
global.js,1,js,fb680bb8,ezzz-coder,2026-04-15,14:11:39,-07:00,2026-04-15T14:11:39-07:00,0,25
global.js,2,js,fb680bb8,ezzz-coder,2026-04-15,14:11:39,-07:00,2026-04-15T14:11:39-07:00,0,0
global.js,3,js,fb680bb8,ezzz-coder,2026-04-15,14:11:39,-07:00,2026-04-15T14:11:39-07:00,0,41
global.js,4,js,fb680bb8,ezzz-coder,2026-04-15,14:11:39,-07:00,2026-04-15T14:11:39-07:00,2,52
global.js,5,js,fb680bb8,ezzz-coder,2026-04-15,14:11:39,-07:00,2026-04-15T14:11:39-07:00,0,0
global.js,6,js,fb680bb8,ezzz-coder,2026-04-15,14:11:39,-07:00,2026-04-15T14:11:39-07:00,0,0
global.js,7,js,fb680bb8,ezzz-coder,2026-04-15,14:11:39,-07:00,2026-04-15T14:11:39-07:00,0,88
global.js,8,js,fb680bb8,ezzz-coder,2026-04-15,14:11:39,-07:00,2026-04-15T14:11:39-07:00,2,36
global.js,9,js,fb680bb8,ezzz-coder,2026-04-15,14:11:39,-07:00,2026-04-15T14:11:39-07:00,2,48
global.js,10,js,fb680bb8,ezzz-coder,2026-04-15,14:11:39,-07:00,2026-04-15T14:11:39-07:00,0,0
global.js,11,js,fb680bb8,ezzz-coder,2026-04-15,14:11:39,-07:00,2026-04-15T14:11:39-07:00,0,11
global.js,12,js,fb680bb8,ezzz-coder,2026-04-15,14:11:39,-07:00,2026-04-15T14:11:39-07:00,2,25
global.js,13,js,fb680bb8,ezzz-coder,2026-04-15,14:11:39,-07:00,2026-04-15T14:11:39-07:00,2,38
global.js,14,js,fb680bb8,ezzz-coder,2026-04-15,14:11:39,-07:00,2026-04-15T14:11:39-07:00,2,34
global.js,15,js,fb680bb8,ezzz-coder,2026-04-15,14:11:39,-07:00,2026-04-15T14:11:39-07:00,2,36
global.js,16,js,00000000,Not Committed Yet,2026-05-09,13:35:59,-07:00,2026-05-09T13:35:59-07:00,2,30
global.js,17,js,fb680bb8,ezzz-coder,2026-04-15,14:11:39,-07:00,2026-04-15T14:11:39-07:00,2,56
global.js,18,js,fb680bb8,ezzz-coder,2026-04-15,14:11:39,-07:00,2026-04-15T14:11:39-07:00,0,0
global.js,19,js,fb680bb8,ezzz-coder,2026-04-15,14:11:39,-07:00,2026-04-15T14:11:39-07:00,0,0
global.js,20,js,fb680bb8,ezzz-coder,2026-04-15,14:11:39,-07:00,2026-04-15T14:11:39-07:00,0,38
global.js,21,js,fb680bb8,ezzz-coder,2026-04-15,14:11:39,-07:00,2026-04-15T14:11:39-07:00,0,25
global.js,22,js,fb680bb8,ezzz-coder,2026-04-15,14:11:39,-07:00,2026-04-15T14:11:39-07:00,0,20
global.js,23,js,fb680bb8,ezzz-coder,2026-04-15,14:11:39,-07:00,2026-04-15T14:11:39-07:00,2,14
global.js,24,js,fb680bb8,ezzz-coder,2026-04-15,14:11:39,-07:00,2026-04-15T14:11:39-07:00,2,52
global.js,25,js,fb680bb8,ezzz-coder,2026-04-15,14:11:39,-07:00,2026-04-15T14:11:39-07:00,2,18
global.js,26,js,fb680bb8,ezzz-coder,2026-04-15,14:11:39,-07:00,2026-04-15T14:11:39-07:00,2,34
global.js,27,js,fb680bb8,ezzz-coder,2026-04-15,14:11:39,-07:00,2026-04-15T14:11:39-07:00,2,11
global.js,28,js,fb680bb8,ezzz-coder,2026-04-15,14:11:39,-07:00,2026-04-15T14:11:39-07:00,2,20
global.js,29,js,fb680bb8,ezzz-coder,2026-04-15,14:11:39,-07:00,2026-04-15T14:11:39-07:00,2,65
global.js,30,js,fb680bb8,ezzz-coder,2026-04-15,14:11:39,-07:00,2026-04-15T14:11:39-07:00,4,25
global.js,31,js,fb680bb8,ezzz-coder,2026-04-15,14:11:39,-07:00,2026-04-15T14:11:39-07:00,2,0
global.js,32,js,6932824d,ezzz-coder,2026-04-15,17:01:59,-07:00,2026-04-15T17:01:59-07:00,2,28
global.js,33,js,fb680bb8,ezzz-coder,2026-04-15,14:11:39,-07:00,2026-04-15T14:11:39-07:00,4,18
global.js,34,js,fb680bb8,ezzz-coder,2026-04-15,14:11:39,-07:00,2026-04-15T14:11:39-07:00,2,0
global.js,35,js,fb680bb8,ezzz-coder,2026-04-15,14:11:39,-07:00,2026-04-15T14:11:39-07:00,2,12
global.js,36,js,6932824d,ezzz-coder,2026-04-15,17:01:59,-07:00,2026-04-15T17:01:59-07:00,0,0
global.js,37,js,6932824d,ezzz-coder,2026-04-15,17:01:59,-07:00,2026-04-15T17:01:59-07:00,0,0
global.js,38,js,6932824d,ezzz-coder,2026-04-15,17:01:59,-07:00,2026-04-15T17:01:59-07:00,0,31
global.js,39,js,6932824d,ezzz-coder,2026-04-15,17:01:59,-07:00,2026-04-15T17:01:59-07:00,2,11
global.js,40,js,6932824d,ezzz-coder,2026-04-15,17:01:59,-07:00,2026-04-15T17:01:59-07:00,2,0
global.js,41,js,6932824d,ezzz-coder,2026-04-15,17:01:59,-07:00,2026-04-15T17:01:59-07:00,0,26
global.js,42,js,6932824d,ezzz-coder,2026-04-15,17:01:59,-07:00,2026-04-15T17:01:59-07:00,0,4
global.js,43,js,6932824d,ezzz-coder,2026-04-15,17:01:59,-07:00,2026-04-15T17:01:59-07:00,0,6
global.js,44,js,6932824d,ezzz-coder,2026-04-15,17:01:59,-07:00,2026-04-15T17:01:59-07:00,0,43
global.js,45,js,6932824d,ezzz-coder,2026-04-15,17:01:59,-07:00,2026-04-15T17:01:59-07:00,6,34
global.js,46,js,6932824d,ezzz-coder,2026-04-15,17:01:59,-07:00,2026-04-15T17:01:59-07:00,6,32
global.js,47,js,6932824d,ezzz-coder,2026-04-15,17:01:59,-07:00,2026-04-15T17:01:59-07:00,0,7
global.js,48,js,6932824d,ezzz-coder,2026-04-15,17:01:59,-07:00,2026-04-15T17:01:59-07:00,0,8
global.js,49,js,6932824d,ezzz-coder,2026-04-15,17:01:59,-07:00,2026-04-15T17:01:59-07:00,0,0
global.js,50,js,6932824d,ezzz-coder,2026-04-15,17:01:59,-07:00,2026-04-15T17:01:59-07:00,0,0
global.js,51,js,6932824d,ezzz-coder,2026-04-15,17:01:59,-07:00,2026-04-15T17:01:59-07:00,0,58
global.js,52,js,6932824d,ezzz-coder,2026-04-15,17:01:59,-07:00,2026-04-15T17:01:59-07:00,0,0
global.js,53,js,6932824d,ezzz-coder,2026-04-15,17:01:59,-07:00,2026-04-15T17:01:59-07:00,0,34
global.js,54,js,6932824d,ezzz-coder,2026-04-15,17:01:59,-07:00,2026-04-15T17:01:59-07:00,2,83
global.js,55,js,6932824d,ezzz-coder,2026-04-15,17:01:59,-07:00,2026-04-15T17:01:59-07:00,2,38
global.js,56,js,6932824d,ezzz-coder,2026-04-15,17:01:59,-07:00,2026-04-15T17:01:59-07:00,0,0
global.js,57,js,6932824d,ezzz-coder,2026-04-15,17:01:59,-07:00,2026-04-15T17:01:59-07:00,0,0
global.js,58,js,6932824d,ezzz-coder,2026-04-15,17:01:59,-07:00,2026-04-15T17:01:59-07:00,0,49
global.js,59,js,6932824d,ezzz-coder,2026-04-15,17:01:59,-07:00,2026-04-15T17:01:59-07:00,2,44
global.js,60,js,6932824d,ezzz-coder,2026-04-15,17:01:59,-07:00,2026-04-15T17:01:59-07:00,2,77
global.js,61,js,6932824d,ezzz-coder,2026-04-15,17:01:59,-07:00,2026-04-15T17:01:59-07:00,0,1
global.js,62,js,bb9ddd26,ezzz-coder,2026-04-23,22:12:48,-07:00,2026-04-23T22:12:48-07:00,0,0
global.js,63,js,bb9ddd26,ezzz-coder,2026-04-23,22:12:48,-07:00,2026-04-23T22:12:48-07:00,0,36
global.js,64,js,bb9ddd26,ezzz-coder,2026-04-23,22:12:48,-07:00,2026-04-23T22:12:48-07:00,2,3
global.js,65,js,bb9ddd26,ezzz-coder,2026-04-23,22:12:48,-07:00,2026-04-23T22:12:48-07:00,4,39
global.js,66,js,bb9ddd26,ezzz-coder,2026-04-23,22:12:48,-07:00,2026-04-23T22:12:48-07:00,4,32
global.js,67,js,bb9ddd26,ezzz-coder,2026-04-23,22:12:48,-07:00,2026-04-23T22:12:48-07:00,4,17
global.js,68,js,bb9ddd26,ezzz-coder,2026-04-23,22:12:48,-07:00,2026-04-23T22:12:48-07:00,6,66
global.js,69,js,bb9ddd26,ezzz-coder,2026-04-23,22:12:48,-07:00,2026-04-23T22:12:48-07:00,4,0
global.js,70,js,bb9ddd26,ezzz-coder,2026-04-23,22:12:48,-07:00,2026-04-23T22:12:48-07:00,4,33
global.js,71,js,bb9ddd26,ezzz-coder,2026-04-23,22:12:48,-07:00,2026-04-23T22:12:48-07:00,4,10
global.js,72,js,bb9ddd26,ezzz-coder,2026-04-23,22:12:48,-07:00,2026-04-23T22:12:48-07:00,2,15
global.js,73,js,bb9ddd26,ezzz-coder,2026-04-23,22:12:48,-07:00,2026-04-23T22:12:48-07:00,4,59
global.js,74,js,bb9ddd26,ezzz-coder,2026-04-23,22:12:48,-07:00,2026-04-23T22:12:48-07:00,2,0
global.js,75,js,bb9ddd26,ezzz-coder,2026-04-23,22:12:48,-07:00,2026-04-23T22:12:48-07:00,0,0
global.js,76,js,bb9ddd26,ezzz-coder,2026-04-23,22:12:48,-07:00,2026-04-23T22:12:48-07:00,0,0
global.js,77,js,bb9ddd26,ezzz-coder,2026-04-23,22:12:48,-07:00,2026-04-23T22:12:48-07:00,0,78
global.js,78,js,bb9ddd26,ezzz-coder,2026-04-23,22:12:48,-07:00,2026-04-23T22:12:48-07:00,2,43
global.js,79,js,bb9ddd26,ezzz-coder,2026-04-23,22:12:48,-07:00,2026-04-23T22:12:48-07:00,4,60
global.js,80,js,bb9ddd26,ezzz-coder,2026-04-23,22:12:48,-07:00,2026-04-23T22:12:48-07:00,2,0
global.js,81,js,bb9ddd26,ezzz-coder,2026-04-23,22:12:48,-07:00,2026-04-23T22:12:48-07:00,0,0
global.js,82,js,bb9ddd26,ezzz-coder,2026-04-23,22:12:48,-07:00,2026-04-23T22:12:48-07:00,2,30
global.js,83,js,bb9ddd26,ezzz-coder,2026-04-23,22:12:48,-07:00,2026-04-23T22:12:48-07:00,2,22
global.js,84,js,bb9ddd26,ezzz-coder,2026-04-23,22:12:48,-07:00,2026-04-23T22:12:48-07:00,4,48
global.js,85,js,bb9ddd26,ezzz-coder,2026-04-23,22:12:48,-07:00,2026-04-23T22:12:48-07:00,4,19
global.js,86,js,bb9ddd26,ezzz-coder,2026-04-23,22:12:48,-07:00,2026-04-23T22:12:48-07:00,6,43
global.js,87,js,bb9ddd26,ezzz-coder,2026-04-23,22:12:48,-07:00,2026-04-23T22:12:48-07:00,6,37
global.js,88,js,4002ad2c,ezzz-coder,2026-04-30,23:01:50,-07:00,2026-04-30T23:01:50-07:00,6,3
global.js,89,js,4002ad2c,ezzz-coder,2026-04-30,23:01:50,-07:00,2026-04-30T23:01:50-07:00,8,16
global.js,90,js,4002ad2c,ezzz-coder,2026-04-30,23:01:50,-07:00,2026-04-30T23:01:50-07:00,8,21
global.js,91,js,4002ad2c,ezzz-coder,2026-04-30,23:01:50,-07:00,2026-04-30T23:01:50-07:00,6,4
global.js,92,js,4002ad2c,ezzz-coder,2026-04-30,23:01:50,-07:00,2026-04-30T23:01:50-07:00,6,0
global.js,93,js,bb9ddd26,ezzz-coder,2026-04-23,22:12:48,-07:00,2026-04-23T22:12:48-07:00,4,36
global.js,94,js,bb9ddd26,ezzz-coder,2026-04-23,22:12:48,-07:00,2026-04-23T22:12:48-07:00,2,0
global.js,95,js,bb9ddd26,ezzz-coder,2026-04-23,22:12:48,-07:00,2026-04-23T22:12:48-07:00,0,0
global.js,96,js,bb9ddd26,ezzz-coder,2026-04-23,22:12:48,-07:00,2026-04-23T22:12:48-07:00,0,0
global.js,97,js,bb9ddd26,ezzz-coder,2026-04-23,22:12:48,-07:00,2026-04-23T22:12:48-07:00,0,47
global.js,98,js,bb9ddd26,ezzz-coder,2026-04-23,22:12:48,-07:00,2026-04-23T22:12:48-07:00,2,59
global.js,99,js,bb9ddd26,ezzz-coder,2026-04-23,22:12:48,-07:00,2026-04-23T22:12:48-07:00,0,0
resume/index.html,1,html,cde22170,ezzz-coder,2026-04-03,10:58:07,-07:00,2026-04-03T10:58:07-07:00,0,13
resume/index.html,2,html,cde22170,ezzz-coder,2026-04-03,10:58:07,-07:00,2026-04-03T10:58:07-07:00,0,14
resume/index.html,3,html,cde22170,ezzz-coder,2026-04-03,10:58:07,-07:00,2026-04-03T10:58:07-07:00,0,0
resume/index.html,4,html,cde22170,ezzz-coder,2026-04-03,10:58:07,-07:00,2026-04-03T10:58:07-07:00,0,4
resume/index.html,5,html,cde22170,ezzz-coder,2026-04-03,10:58:07,-07:00,2026-04-03T10:58:07-07:00,2,20
resume/index.html,6,html,cde22170,ezzz-coder,2026-04-03,10:58:07,-07:00,2026-04-03T10:58:07-07:00,2,68
resume/index.html,7,html,b27bdaff,ezzz-coder,2026-04-03,11:08:51,-07:00,2026-04-03T11:08:51-07:00,2,41
resume/index.html,8,html,cde22170,ezzz-coder,2026-04-03,10:58:07,-07:00,2026-04-03T10:58:07-07:00,2,19
resume/index.html,9,html,cde22170,ezzz-coder,2026-04-03,10:58:07,-07:00,2026-04-03T10:58:07-07:00,0,5
resume/index.html,10,html,cde22170,ezzz-coder,2026-04-03,10:58:07,-07:00,2026-04-03T10:58:07-07:00,0,0
resume/index.html,11,html,660f266a,ezzz-coder,2026-04-08,18:06:43,-07:00,2026-04-08T18:06:43-07:00,0,24
resume/index.html,12,html,660f266a,ezzz-coder,2026-04-08,18:06:43,-07:00,2026-04-08T18:06:43-07:00,2,13
resume/index.html,13,html,cde22170,ezzz-coder,2026-04-03,10:58:07,-07:00,2026-04-03T10:58:07-07:00,2,4
resume/index.html,14,html,cde22170,ezzz-coder,2026-04-03,10:58:07,-07:00,2026-04-03T10:58:07-07:00,4,7
resume/index.html,15,html,cde22170,ezzz-coder,2026-04-03,10:58:07,-07:00,2026-04-03T10:58:07-07:00,6,16
resume/index.html,16,html,cde22170,ezzz-coder,2026-04-03,10:58:07,-07:00,2026-04-03T10:58:07-07:00,6,7
resume/index.html,17,html,cde22170,ezzz-coder,2026-04-03,10:58:07,-07:00,2026-04-03T10:58:07-07:00,8,42
resume/index.html,18,html,cde22170,ezzz-coder,2026-04-03,10:58:07,-07:00,2026-04-03T10:58:07-07:00,8,99
resume/index.html,19,html,cde22170,ezzz-coder,2026-04-03,10:58:07,-07:00,2026-04-03T10:58:07-07:00,8,102
resume/index.html,20,html,cde22170,ezzz-coder,2026-04-03,10:58:07,-07:00,2026-04-03T10:58:07-07:00,10,40
resume/index.html,21,html,cde22170,ezzz-coder,2026-04-03,10:58:07,-07:00,2026-04-03T10:58:07-07:00,10,45
resume/index.html,22,html,cde22170,ezzz-coder,2026-04-03,10:58:07,-07:00,2026-04-03T10:58:07-07:00,6,8
resume/index.html,23,html,cde22170,ezzz-coder,2026-04-03,10:58:07,-07:00,2026-04-03T10:58:07-07:00,4,8
resume/index.html,24,html,cde22170,ezzz-coder,2026-04-03,10:58:07,-07:00,2026-04-03T10:58:07-07:00,0,0
resume/index.html,25,html,cde22170,ezzz-coder,2026-04-03,10:58:07,-07:00,2026-04-03T10:58:07-07:00,4,7
resume/index.html,26,html,cde22170,ezzz-coder,2026-04-03,10:58:07,-07:00,2026-04-03T10:58:07-07:00,6,22
resume/index.html,27,html,cde22170,ezzz-coder,2026-04-03,10:58:07,-07:00,2026-04-03T10:58:07-07:00,6,7
resume/index.html,28,html,cde22170,ezzz-coder,2026-04-03,10:58:07,-07:00,2026-04-03T10:58:07-07:00,8,68
resume/index.html,29,html,cde22170,ezzz-coder,2026-04-03,10:58:07,-07:00,2026-04-03T10:58:07-07:00,8,100
resume/index.html,30,html,cde22170,ezzz-coder,2026-04-03,10:58:07,-07:00,2026-04-03T10:58:07-07:00,8,2
resume/index.html,31,html,cde22170,ezzz-coder,2026-04-03,10:58:07,-07:00,2026-04-03T10:58:07-07:00,8,2
resume/index.html,32,html,cde22170,ezzz-coder,2026-04-03,10:58:07,-07:00,2026-04-03T10:58:07-07:00,10,90
resume/index.html,33,html,cde22170,ezzz-coder,2026-04-03,10:58:07,-07:00,2026-04-03T10:58:07-07:00,12,14
resume/index.html,34,html,cde22170,ezzz-coder,2026-04-03,10:58:07,-07:00,2026-04-03T10:58:07-07:00,10,90
resume/index.html,35,html,cde22170,ezzz-coder,2026-04-03,10:58:07,-07:00,2026-04-03T10:58:07-07:00,12,8
resume/index.html,36,html,cde22170,ezzz-coder,2026-04-03,10:58:07,-07:00,2026-04-03T10:58:07-07:00,12,93
resume/index.html,37,html,cde22170,ezzz-coder,2026-04-03,10:58:07,-07:00,2026-04-03T10:58:07-07:00,12,14
resume/index.html,38,html,cde22170,ezzz-coder,2026-04-03,10:58:07,-07:00,2026-04-03T10:58:07-07:00,12,68
resume/index.html,39,html,cde22170,ezzz-coder,2026-04-03,10:58:07,-07:00,2026-04-03T10:58:07-07:00,10,74
resume/index.html,40,html,cde22170,ezzz-coder,2026-04-03,10:58:07,-07:00,2026-04-03T10:58:07-07:00,12,31
resume/index.html,41,html,cde22170,ezzz-coder,2026-04-03,10:58:07,-07:00,2026-04-03T10:58:07-07:00,12,94
resume/index.html,42,html,cde22170,ezzz-coder,2026-04-03,10:58:07,-07:00,2026-04-03T10:58:07-07:00,12,7
resume/index.html,43,html,cde22170,ezzz-coder,2026-04-03,10:58:07,-07:00,2026-04-03T10:58:07-07:00,12,63
resume/index.html,44,html,cde22170,ezzz-coder,2026-04-03,10:58:07,-07:00,2026-04-03T10:58:07-07:00,8,3
resume/index.html,45,html,cde22170,ezzz-coder,2026-04-03,10:58:07,-07:00,2026-04-03T10:58:07-07:00,6,8
resume/index.html,46,html,cde22170,ezzz-coder,2026-04-03,10:58:07,-07:00,2026-04-03T10:58:07-07:00,0,0
resume/index.html,47,html,cde22170,ezzz-coder,2026-04-03,10:58:07,-07:00,2026-04-03T10:58:07-07:00,6,7
resume/index.html,48,html,cde22170,ezzz-coder,2026-04-03,10:58:07,-07:00,2026-04-03T10:58:07-07:00,8,61
resume/index.html,49,html,cde22170,ezzz-coder,2026-04-03,10:58:07,-07:00,2026-04-03T10:58:07-07:00,8,100
resume/index.html,50,html,cde22170,ezzz-coder,2026-04-03,10:58:07,-07:00,2026-04-03T10:58:07-07:00,8,2
resume/index.html,51,html,cde22170,ezzz-coder,2026-04-03,10:58:07,-07:00,2026-04-03T10:58:07-07:00,8,2
resume/index.html,52,html,cde22170,ezzz-coder,2026-04-03,10:58:07,-07:00,2026-04-03T10:58:07-07:00,10,96
resume/index.html,53,html,cde22170,ezzz-coder,2026-04-03,10:58:07,-07:00,2026-04-03T10:58:07-07:00,12,4
resume/index.html,54,html,cde22170,ezzz-coder,2026-04-03,10:58:07,-07:00,2026-04-03T10:58:07-07:00,12,29
resume/index.html,55,html,cde22170,ezzz-coder,2026-04-03,10:58:07,-07:00,2026-04-03T10:58:07-07:00,12,74
resume/index.html,56,html,cde22170,ezzz-coder,2026-04-03,10:58:07,-07:00,2026-04-03T10:58:07-07:00,12,37
resume/index.html,57,html,cde22170,ezzz-coder,2026-04-03,10:58:07,-07:00,2026-04-03T10:58:07-07:00,10,96
resume/index.html,58,html,cde22170,ezzz-coder,2026-04-03,10:58:07,-07:00,2026-04-03T10:58:07-07:00,12,7
resume/index.html,59,html,cde22170,ezzz-coder,2026-04-03,10:58:07,-07:00,2026-04-03T10:58:07-07:00,12,93
resume/index.html,60,html,cde22170,ezzz-coder,2026-04-03,10:58:07,-07:00,2026-04-03T10:58:07-07:00,12,13
resume/index.html,61,html,cde22170,ezzz-coder,2026-04-03,10:58:07,-07:00,2026-04-03T10:58:07-07:00,12,1
resume/index.html,62,html,cde22170,ezzz-coder,2026-04-03,10:58:07,-07:00,2026-04-03T10:58:07-07:00,12,0
resume/index.html,63,html,cde22170,ezzz-coder,2026-04-03,10:58:07,-07:00,2026-04-03T10:58:07-07:00,12,14
resume/index.html,64,html,cde22170,ezzz-coder,2026-04-03,10:58:07,-07:00,2026-04-03T10:58:07-07:00,10,94
resume/index.html,65,html,cde22170,ezzz-coder,2026-04-03,10:58:07,-07:00,2026-04-03T10:58:07-07:00,12,13
resume/index.html,66,html,cde22170,ezzz-coder,2026-04-03,10:58:07,-07:00,2026-04-03T10:58:07-07:00,8,3
resume/index.html,67,html,cde22170,ezzz-coder,2026-04-03,10:58:07,-07:00,2026-04-03T10:58:07-07:00,6,8
resume/index.html,68,html,cde22170,ezzz-coder,2026-04-03,10:58:07,-07:00,2026-04-03T10:58:07-07:00,0,0
resume/index.html,69,html,cde22170,ezzz-coder,2026-04-03,10:58:07,-07:00,2026-04-03T10:58:07-07:00,6,7
resume/index.html,70,html,cde22170,ezzz-coder,2026-04-03,10:58:07,-07:00,2026-04-03T10:58:07-07:00,8,67
resume/index.html,71,html,cde22170,ezzz-coder,2026-04-03,10:58:07,-07:00,2026-04-03T10:58:07-07:00,8,65
resume/index.html,72,html,cde22170,ezzz-coder,2026-04-03,10:58:07,-07:00,2026-04-03T10:58:07-07:00,8,2
resume/index.html,73,html,cde22170,ezzz-coder,2026-04-03,10:58:07,-07:00,2026-04-03T10:58:07-07:00,8,2
resume/index.html,74,html,cde22170,ezzz-coder,2026-04-03,10:58:07,-07:00,2026-04-03T10:58:07-07:00,10,97
resume/index.html,75,html,cde22170,ezzz-coder,2026-04-03,10:58:07,-07:00,2026-04-03T10:58:07-07:00,12,14
resume/index.html,76,html,cde22170,ezzz-coder,2026-04-03,10:58:07,-07:00,2026-04-03T10:58:07-07:00,12,5
resume/index.html,77,html,cde22170,ezzz-coder,2026-04-03,10:58:07,-07:00,2026-04-03T10:58:07-07:00,12,16
resume/index.html,78,html,cde22170,ezzz-coder,2026-04-03,10:58:07,-07:00,2026-04-03T10:58:07-07:00,10,96
resume/index.html,79,html,cde22170,ezzz-coder,2026-04-03,10:58:07,-07:00,2026-04-03T10:58:07-07:00,12,9
resume/index.html,80,html,cde22170,ezzz-coder,2026-04-03,10:58:07,-07:00,2026-04-03T10:58:07-07:00,10,98
resume/index.html,81,html,cde22170,ezzz-coder,2026-04-03,10:58:07,-07:00,2026-04-03T10:58:07-07:00,8,3
resume/index.html,82,html,cde22170,ezzz-coder,2026-04-03,10:58:07,-07:00,2026-04-03T10:58:07-07:00,6,8
resume/index.html,83,html,cde22170,ezzz-coder,2026-04-03,10:58:07,-07:00,2026-04-03T10:58:07-07:00,4,8
resume/index.html,84,html,cde22170,ezzz-coder,2026-04-03,10:58:07,-07:00,2026-04-03T10:58:07-07:00,0,0
resume/index.html,85,html,cde22170,ezzz-coder,2026-04-03,10:58:07,-07:00,2026-04-03T10:58:07-07:00,4,7
resume/index.html,86,html,cde22170,ezzz-coder,2026-04-03,10:58:07,-07:00,2026-04-03T10:58:07-07:00,6,15
resume/index.html,87,html,cde22170,ezzz-coder,2026-04-03,10:58:07,-07:00,2026-04-03T10:58:07-07:00,6,7
resume/index.html,88,html,cde22170,ezzz-coder,2026-04-03,10:58:07,-07:00,2026-04-03T10:58:07-07:00,8,30
resume/index.html,89,html,cde22170,ezzz-coder,2026-04-03,10:58:07,-07:00,2026-04-03T10:58:07-07:00,8,2
resume/index.html,90,html,cde22170,ezzz-coder,2026-04-03,10:58:07,-07:00,2026-04-03T10:58:07-07:00,10,91
resume/index.html,91,html,cde22170,ezzz-coder,2026-04-03,10:58:07,-07:00,2026-04-03T10:58:07-07:00,12,15
resume/index.html,92,html,cde22170,ezzz-coder,2026-04-03,10:58:07,-07:00,2026-04-03T10:58:07-07:00,12,46
resume/index.html,93,html,cde22170,ezzz-coder,2026-04-03,10:58:07,-07:00,2026-04-03T10:58:07-07:00,10,96
resume/index.html,94,html,cde22170,ezzz-coder,2026-04-03,10:58:07,-07:00,2026-04-03T10:58:07-07:00,10,15
resume/index.html,95,html,cde22170,ezzz-coder,2026-04-03,10:58:07,-07:00,2026-04-03T10:58:07-07:00,12,0
resume/index.html,96,html,cde22170,ezzz-coder,2026-04-03,10:58:07,-07:00,2026-04-03T10:58:07-07:00,12,60
resume/index.html,97,html,cde22170,ezzz-coder,2026-04-03,10:58:07,-07:00,2026-04-03T10:58:07-07:00,8,3
resume/index.html,98,html,cde22170,ezzz-coder,2026-04-03,10:58:07,-07:00,2026-04-03T10:58:07-07:00,6,8
resume/index.html,99,html,cde22170,ezzz-coder,2026-04-03,10:58:07,-07:00,2026-04-03T10:58:07-07:00,0,0
resume/index.html,100,html,cde22170,ezzz-coder,2026-04-03,10:58:07,-07:00,2026-04-03T10:58:07-07:00,6,7
resume/index.html,101,html,cde22170,ezzz-coder,2026-04-03,10:58:07,-07:00,2026-04-03T10:58:07-07:00,8,17
resume/index.html,102,html,cde22170,ezzz-coder,2026-04-03,10:58:07,-07:00,2026-04-03T10:58:07-07:00,8,2
resume/index.html,103,html,cde22170,ezzz-coder,2026-04-03,10:58:07,-07:00,2026-04-03T10:58:07-07:00,10,9
resume/index.html,104,html,cde22170,ezzz-coder,2026-04-03,10:58:07,-07:00,2026-04-03T10:58:07-07:00,12,37
resume/index.html,105,html,cde22170,ezzz-coder,2026-04-03,10:58:07,-07:00,2026-04-03T10:58:07-07:00,12,56
resume/index.html,106,html,cde22170,ezzz-coder,2026-04-03,10:58:07,-07:00,2026-04-03T10:58:07-07:00,12,89
resume/index.html,107,html,cde22170,ezzz-coder,2026-04-03,10:58:07,-07:00,2026-04-03T10:58:07-07:00,12,18
resume/index.html,108,html,cde22170,ezzz-coder,2026-04-03,10:58:07,-07:00,2026-04-03T10:58:07-07:00,12,10
resume/index.html,109,html,cde22170,ezzz-coder,2026-04-03,10:58:07,-07:00,2026-04-03T10:58:07-07:00,10,97
resume/index.html,110,html,cde22170,ezzz-coder,2026-04-03,10:58:07,-07:00,2026-04-03T10:58:07-07:00,12,13
resume/index.html,111,html,cde22170,ezzz-coder,2026-04-03,10:58:07,-07:00,2026-04-03T10:58:07-07:00,12,15
resume/index.html,112,html,cde22170,ezzz-coder,2026-04-03,10:58:07,-07:00,2026-04-03T10:58:07-07:00,0,0
resume/index.html,113,html,cde22170,ezzz-coder,2026-04-03,10:58:07,-07:00,2026-04-03T10:58:07-07:00,8,3
resume/index.html,114,html,cde22170,ezzz-coder,2026-04-03,10:58:07,-07:00,2026-04-03T10:58:07-07:00,6,8
resume/index.html,115,html,cde22170,ezzz-coder,2026-04-03,10:58:07,-07:00,2026-04-03T10:58:07-07:00,4,8
resume/index.html,116,html,cde22170,ezzz-coder,2026-04-03,10:58:07,-07:00,2026-04-03T10:58:07-07:00,0,0
resume/index.html,117,html,cde22170,ezzz-coder,2026-04-03,10:58:07,-07:00,2026-04-03T10:58:07-07:00,4,7
resume/index.html,118,html,cde22170,ezzz-coder,2026-04-03,10:58:07,-07:00,2026-04-03T10:58:07-07:00,6,13
resume/index.html,119,html,cde22170,ezzz-coder,2026-04-03,10:58:07,-07:00,2026-04-03T10:58:07-07:00,6,2
resume/index.html,120,html,cde22170,ezzz-coder,2026-04-03,10:58:07,-07:00,2026-04-03T10:58:07-07:00,8,62
resume/index.html,121,html,cde22170,ezzz-coder,2026-04-03,10:58:07,-07:00,2026-04-03T10:58:07-07:00,8,68
resume/index.html,122,html,cde22170,ezzz-coder,2026-04-03,10:58:07,-07:00,2026-04-03T10:58:07-07:00,10,33
resume/index.html,123,html,cde22170,ezzz-coder,2026-04-03,10:58:07,-07:00,2026-04-03T10:58:07-07:00,10,1
resume/index.html,124,html,cde22170,ezzz-coder,2026-04-03,10:58:07,-07:00,2026-04-03T10:58:07-07:00,10,62
resume/index.html,125,html,cde22170,ezzz-coder,2026-04-03,10:58:07,-07:00,2026-04-03T10:58:07-07:00,10,14
resume/index.html,126,html,cde22170,ezzz-coder,2026-04-03,10:58:07,-07:00,2026-04-03T10:58:07-07:00,8,45
resume/index.html,127,html,cde22170,ezzz-coder,2026-04-03,10:58:07,-07:00,2026-04-03T10:58:07-07:00,6,3
resume/index.html,128,html,cde22170,ezzz-coder,2026-04-03,10:58:07,-07:00,2026-04-03T10:58:07-07:00,4,8
resume/index.html,129,html,cde22170,ezzz-coder,2026-04-03,10:58:07,-07:00,2026-04-03T10:58:07-07:00,2,5
resume/index.html,130,html,cde22170,ezzz-coder,2026-04-03,10:58:07,-07:00,2026-04-03T10:58:07-07:00,0,0
resume/index.html,131,html,bb9ddd26,ezzz-coder,2026-04-23,22:12:48,-07:00,2026-04-23T22:12:48-07:00,2,48
resume/index.html,132,html,fb680bb8,ezzz-coder,2026-04-15,14:11:39,-07:00,2026-04-15T14:11:39-07:00,0,0
resume/index.html,133,html,cde22170,ezzz-coder,2026-04-03,10:58:07,-07:00,2026-04-03T10:58:07-07:00,0,5
resume/index.html,134,html,cde22170,ezzz-coder,2026-04-03,10:58:07,-07:00,2026-04-03T10:58:07-07:00,0,0
resume/index.html,135,html,cde22170,ezzz-coder,2026-04-03,10:58:07,-07:00,2026-04-03T10:58:07-07:00,0,5
projects/projects.js,1,js,bb9ddd26,ezzz-coder,2026-04-23,22:12:48,-07:00,2026-04-23T22:12:48-07:00,0,55
projects/projects.js,2,js,4002ad2c,ezzz-coder,2026-04-30,23:01:50,-07:00,2026-04-30T23:01:50-07:00,0,63
projects/projects.js,3,js,bb9ddd26,ezzz-coder,2026-04-23,22:12:48,-07:00,2026-04-23T22:12:48-07:00,0,0
projects/projects.js,4,js,bb9ddd26,ezzz-coder,2026-04-23,22:12:48,-07:00,2026-04-23T22:12:48-07:00,0,55
projects/projects.js,5,js,bb9ddd26,ezzz-coder,2026-04-23,22:12:48,-07:00,2026-04-23T22:12:48-07:00,0,60
projects/projects.js,6,js,bb9ddd26,ezzz-coder,2026-04-23,22:12:48,-07:00,2026-04-23T22:12:48-07:00,0,0
projects/projects.js,7,js,bb9ddd26,ezzz-coder,2026-04-23,22:12:48,-07:00,2026-04-23T22:12:48-07:00,0,62
projects/projects.js,8,js,bb9ddd26,ezzz-coder,2026-04-23,22:12:48,-07:00,2026-04-23T22:12:48-07:00,0,18
projects/projects.js,9,js,bb9ddd26,ezzz-coder,2026-04-23,22:12:48,-07:00,2026-04-23T22:12:48-07:00,2,56
projects/projects.js,10,js,4002ad2c,ezzz-coder,2026-04-30,23:01:50,-07:00,2026-04-30T23:01:50-07:00,0,0
projects/projects.js,11,js,4002ad2c,ezzz-coder,2026-04-30,23:01:50,-07:00,2026-04-30T23:01:50-07:00,0,0
projects/projects.js,12,js,4002ad2c,ezzz-coder,2026-04-30,23:01:50,-07:00,2026-04-30T23:01:50-07:00,0,57
projects/projects.js,13,js,4002ad2c,ezzz-coder,2026-04-30,23:01:50,-07:00,2026-04-30T23:01:50-07:00,0,47
projects/projects.js,14,js,4002ad2c,ezzz-coder,2026-04-30,23:01:50,-07:00,2026-04-30T23:01:50-07:00,0,0
projects/projects.js,15,js,4002ad2c,ezzz-coder,2026-04-30,23:01:50,-07:00,2026-04-30T23:01:50-07:00,0,13
projects/projects.js,16,js,4002ad2c,ezzz-coder,2026-04-30,23:01:50,-07:00,2026-04-30T23:01:50-07:00,0,22
projects/projects.js,17,js,4002ad2c,ezzz-coder,2026-04-30,23:01:50,-07:00,2026-04-30T23:01:50-07:00,0,0
projects/projects.js,18,js,4002ad2c,ezzz-coder,2026-04-30,23:01:50,-07:00,2026-04-30T23:01:50-07:00,0,28
projects/projects.js,19,js,4002ad2c,ezzz-coder,2026-04-30,23:01:50,-07:00,2026-04-30T23:01:50-07:00,2,35
projects/projects.js,20,js,4002ad2c,ezzz-coder,2026-04-30,23:01:50,-07:00,2026-04-30T23:01:50-07:00,4,59
projects/projects.js,21,js,4002ad2c,ezzz-coder,2026-04-30,23:01:50,-07:00,2026-04-30T23:01:50-07:00,4,42
projects/projects.js,22,js,4002ad2c,ezzz-coder,2026-04-30,23:01:50,-07:00,2026-04-30T23:01:50-07:00,2,1
projects/projects.js,23,js,4002ad2c,ezzz-coder,2026-04-30,23:01:50,-07:00,2026-04-30T23:01:50-07:00,0,0
projects/projects.js,24,js,4002ad2c,ezzz-coder,2026-04-30,23:01:50,-07:00,2026-04-30T23:01:50-07:00,0,0
projects/projects.js,25,js,4002ad2c,ezzz-coder,2026-04-30,23:01:50,-07:00,2026-04-30T23:01:50-07:00,0,23
projects/projects.js,26,js,4002ad2c,ezzz-coder,2026-04-30,23:01:50,-07:00,2026-04-30T23:01:50-07:00,2,33
projects/projects.js,27,js,4002ad2c,ezzz-coder,2026-04-30,23:01:50,-07:00,2026-04-30T23:01:50-07:00,2,26
projects/projects.js,28,js,4002ad2c,ezzz-coder,2026-04-30,23:01:50,-07:00,2026-04-30T23:01:50-07:00,4,69
projects/projects.js,29,js,4002ad2c,ezzz-coder,2026-04-30,23:01:50,-07:00,2026-04-30T23:01:50-07:00,2,0
projects/projects.js,30,js,4002ad2c,ezzz-coder,2026-04-30,23:01:50,-07:00,2026-04-30T23:01:50-07:00,2,48
projects/projects.js,31,js,4002ad2c,ezzz-coder,2026-04-30,23:01:50,-07:00,2026-04-30T23:01:50-07:00,0,0
projects/projects.js,32,js,4002ad2c,ezzz-coder,2026-04-30,23:01:50,-07:00,2026-04-30T23:01:50-07:00,0,0
projects/projects.js,33,js,4002ad2c,ezzz-coder,2026-04-30,23:01:50,-07:00,2026-04-30T23:01:50-07:00,0,38
projects/projects.js,34,js,4002ad2c,ezzz-coder,2026-04-30,23:01:50,-07:00,2026-04-30T23:01:50-07:00,2,29
projects/projects.js,35,js,4002ad2c,ezzz-coder,2026-04-30,23:01:50,-07:00,2026-04-30T23:01:50-07:00,4,12
projects/projects.js,36,js,4002ad2c,ezzz-coder,2026-04-30,23:01:50,-07:00,2026-04-30T23:01:50-07:00,4,14
projects/projects.js,37,js,4002ad2c,ezzz-coder,2026-04-30,23:01:50,-07:00,2026-04-30T23:01:50-07:00,4,12
projects/projects.js,38,js,4002ad2c,ezzz-coder,2026-04-30,23:01:50,-07:00,2026-04-30T23:01:50-07:00,2,0
projects/projects.js,39,js,4002ad2c,ezzz-coder,2026-04-30,23:01:50,-07:00,2026-04-30T23:01:50-07:00,2,50
projects/projects.js,40,js,4002ad2c,ezzz-coder,2026-04-30,23:01:50,-07:00,2026-04-30T23:01:50-07:00,4,35
projects/projects.js,41,js,4002ad2c,ezzz-coder,2026-04-30,23:01:50,-07:00,2026-04-30T23:01:50-07:00,2,1
projects/projects.js,42,js,4002ad2c,ezzz-coder,2026-04-30,23:01:50,-07:00,2026-04-30T23:01:50-07:00,2,53
projects/projects.js,43,js,4002ad2c,ezzz-coder,2026-04-30,23:01:50,-07:00,2026-04-30T23:01:50-07:00,2,42
projects/projects.js,44,js,4002ad2c,ezzz-coder,2026-04-30,23:01:50,-07:00,2026-04-30T23:01:50-07:00,2,51
projects/projects.js,45,js,4002ad2c,ezzz-coder,2026-04-30,23:01:50,-07:00,2026-04-30T23:01:50-07:00,2,28
projects/projects.js,46,js,4002ad2c,ezzz-coder,2026-04-30,23:01:50,-07:00,2026-04-30T23:01:50-07:00,2,32
projects/projects.js,47,js,4002ad2c,ezzz-coder,2026-04-30,23:01:50,-07:00,2026-04-30T23:01:50-07:00,2,32
projects/projects.js,48,js,4002ad2c,ezzz-coder,2026-04-30,23:01:50,-07:00,2026-04-30T23:01:50-07:00,2,30
projects/projects.js,49,js,4002ad2c,ezzz-coder,2026-04-30,23:01:50,-07:00,2026-04-30T23:01:50-07:00,0,0
projects/projects.js,50,js,4002ad2c,ezzz-coder,2026-04-30,23:01:50,-07:00,2026-04-30T23:01:50-07:00,2,29
projects/projects.js,51,js,4002ad2c,ezzz-coder,2026-04-30,23:01:50,-07:00,2026-04-30T23:01:50-07:00,4,4
projects/projects.js,52,js,4002ad2c,ezzz-coder,2026-04-30,23:01:50,-07:00,2026-04-30T23:01:50-07:00,6,13
projects/projects.js,53,js,4002ad2c,ezzz-coder,2026-04-30,23:01:50,-07:00,2026-04-30T23:01:50-07:00,6,13
projects/projects.js,54,js,4002ad2c,ezzz-coder,2026-04-30,23:01:50,-07:00,2026-04-30T23:01:50-07:00,6,24
projects/projects.js,55,js,4002ad2c,ezzz-coder,2026-04-30,23:01:50,-07:00,2026-04-30T23:01:50-07:00,6,67
projects/projects.js,56,js,4002ad2c,ezzz-coder,2026-04-30,23:01:50,-07:00,2026-04-30T23:01:50-07:00,6,18
projects/projects.js,57,js,4002ad2c,ezzz-coder,2026-04-30,23:01:50,-07:00,2026-04-30T23:01:50-07:00,8,77
projects/projects.js,58,js,4002ad2c,ezzz-coder,2026-04-30,23:01:50,-07:00,2026-04-30T23:01:50-07:00,8,13
projects/projects.js,59,js,4002ad2c,ezzz-coder,2026-04-30,23:01:50,-07:00,2026-04-30T23:01:50-07:00,8,34
projects/projects.js,60,js,4002ad2c,ezzz-coder,2026-04-30,23:01:50,-07:00,2026-04-30T23:01:50-07:00,6,1
projects/projects.js,61,js,4002ad2c,ezzz-coder,2026-04-30,23:01:50,-07:00,2026-04-30T23:01:50-07:00,2,1
projects/projects.js,62,js,4002ad2c,ezzz-coder,2026-04-30,23:01:50,-07:00,2026-04-30T23:01:50-07:00,2,27
projects/projects.js,63,js,4002ad2c,ezzz-coder,2026-04-30,23:01:50,-07:00,2026-04-30T23:01:50-07:00,4,4
projects/projects.js,64,js,4002ad2c,ezzz-coder,2026-04-30,23:01:50,-07:00,2026-04-30T23:01:50-07:00,6,11
projects/projects.js,65,js,4002ad2c,ezzz-coder,2026-04-30,23:01:50,-07:00,2026-04-30T23:01:50-07:00,6,38
projects/projects.js,66,js,4002ad2c,ezzz-coder,2026-04-30,23:01:50,-07:00,2026-04-30T23:01:50-07:00,6,79
projects/projects.js,67,js,4002ad2c,ezzz-coder,2026-04-30,23:01:50,-07:00,2026-04-30T23:01:50-07:00,6,69
projects/projects.js,68,js,4002ad2c,ezzz-coder,2026-04-30,23:01:50,-07:00,2026-04-30T23:01:50-07:00,2,1
projects/projects.js,69,js,4002ad2c,ezzz-coder,2026-04-30,23:01:50,-07:00,2026-04-30T23:01:50-07:00,0,0
projects/projects.js,70,js,4002ad2c,ezzz-coder,2026-04-30,23:01:50,-07:00,2026-04-30T23:01:50-07:00,0,0
projects/projects.js,71,js,4002ad2c,ezzz-coder,2026-04-30,23:01:50,-07:00,2026-04-30T23:01:50-07:00,0,48
projects/projects.js,72,js,4002ad2c,ezzz-coder,2026-04-30,23:01:50,-07:00,2026-04-30T23:01:50-07:00,0,23
projects/projects.js,73,js,4002ad2c,ezzz-coder,2026-04-30,23:01:50,-07:00,2026-04-30T23:01:50-07:00,0,0
projects/projects.js,74,js,4002ad2c,ezzz-coder,2026-04-30,23:01:50,-07:00,2026-04-30T23:01:50-07:00,0,53
projects/projects.js,75,js,4002ad2c,ezzz-coder,2026-04-30,23:01:50,-07:00,2026-04-30T23:01:50-07:00,0,0
projects/projects.js,76,js,4002ad2c,ezzz-coder,2026-04-30,23:01:50,-07:00,2026-04-30T23:01:50-07:00,0,48
projects/projects.js,77,js,4002ad2c,ezzz-coder,2026-04-30,23:01:50,-07:00,2026-04-30T23:01:50-07:00,2,25
projects/projects.js,78,js,4002ad2c,ezzz-coder,2026-04-30,23:01:50,-07:00,2026-04-30T23:01:50-07:00,2,13
projects/projects.js,79,js,4002ad2c,ezzz-coder,2026-04-30,23:01:50,-07:00,2026-04-30T23:01:50-07:00,2,34
projects/projects.js,80,js,4002ad2c,ezzz-coder,2026-04-30,23:01:50,-07:00,2026-04-30T23:01:50-07:00,0,1
projects/index.html,1,html,cde22170,ezzz-coder,2026-04-03,10:58:07,-07:00,2026-04-03T10:58:07-07:00,0,13
projects/index.html,2,html,cde22170,ezzz-coder,2026-04-03,10:58:07,-07:00,2026-04-03T10:58:07-07:00,0,14
projects/index.html,3,html,bb9ddd26,ezzz-coder,2026-04-23,22:12:48,-07:00,2026-04-23T22:12:48-07:00,0,0
projects/index.html,4,html,cde22170,ezzz-coder,2026-04-03,10:58:07,-07:00,2026-04-03T10:58:07-07:00,0,4
projects/index.html,5,html,cde22170,ezzz-coder,2026-04-03,10:58:07,-07:00,2026-04-03T10:58:07-07:00,2,20
projects/index.html,6,html,cde22170,ezzz-coder,2026-04-03,10:58:07,-07:00,2026-04-03T10:58:07-07:00,2,68
projects/index.html,7,html,b27bdaff,ezzz-coder,2026-04-03,11:08:51,-07:00,2026-04-03T11:08:51-07:00,2,41
projects/index.html,8,html,cde22170,ezzz-coder,2026-04-03,10:58:07,-07:00,2026-04-03T10:58:07-07:00,2,21
projects/index.html,9,html,cde22170,ezzz-coder,2026-04-03,10:58:07,-07:00,2026-04-03T10:58:07-07:00,0,5
projects/index.html,10,html,bb9ddd26,ezzz-coder,2026-04-23,22:12:48,-07:00,2026-04-23T22:12:48-07:00,0,0
projects/index.html,11,html,cde22170,ezzz-coder,2026-04-03,10:58:07,-07:00,2026-04-03T10:58:07-07:00,0,4
projects/index.html,12,html,bb9ddd26,ezzz-coder,2026-04-23,22:12:48,-07:00,2026-04-23T22:12:48-07:00,2,38
projects/index.html,13,html,4002ad2c,ezzz-coder,2026-04-30,23:01:50,-07:00,2026-04-30T23:01:50-07:00,2,21
projects/index.html,14,html,4002ad2c,ezzz-coder,2026-04-30,23:01:50,-07:00,2026-04-30T23:01:50-07:00,4,52
projects/index.html,15,html,4002ad2c,ezzz-coder,2026-04-30,23:01:50,-07:00,2026-04-30T23:01:50-07:00,4,4
projects/index.html,16,html,4002ad2c,ezzz-coder,2026-04-30,23:01:50,-07:00,2026-04-30T23:01:50-07:00,4,22
projects/index.html,17,html,4002ad2c,ezzz-coder,2026-04-30,23:01:50,-07:00,2026-04-30T23:01:50-07:00,2,4
projects/index.html,18,html,4002ad2c,ezzz-coder,2026-04-30,23:01:50,-07:00,2026-04-30T23:01:50-07:00,2,102
projects/index.html,19,html,660f266a,ezzz-coder,2026-04-08,18:06:43,-07:00,2026-04-08T18:06:43-07:00,2,20
projects/index.html,20,html,bb9ddd26,ezzz-coder,2026-04-23,22:12:48,-07:00,2026-04-23T22:12:48-07:00,2,4
projects/index.html,21,html,bb9ddd26,ezzz-coder,2026-04-23,22:12:48,-07:00,2026-04-23T22:12:48-07:00,2,48
projects/index.html,22,html,bb9ddd26,ezzz-coder,2026-04-23,22:12:48,-07:00,2026-04-23T22:12:48-07:00,2,47
projects/index.html,23,html,cde22170,ezzz-coder,2026-04-03,10:58:07,-07:00,2026-04-03T10:58:07-07:00,0,5
projects/index.html,24,html,bb9ddd26,ezzz-coder,2026-04-23,22:12:48,-07:00,2026-04-23T22:12:48-07:00,0,0
projects/index.html,25,html,cde22170,ezzz-coder,2026-04-03,10:58:07,-07:00,2026-04-03T10:58:07-07:00,0,5
contact/index.html,1,html,cde22170,ezzz-coder,2026-04-03,10:58:07,-07:00,2026-04-03T10:58:07-07:00,0,13
contact/index.html,2,html,cde22170,ezzz-coder,2026-04-03,10:58:07,-07:00,2026-04-03T10:58:07-07:00,0,14
contact/index.html,3,html,cde22170,ezzz-coder,2026-04-03,10:58:07,-07:00,2026-04-03T10:58:07-07:00,0,4
contact/index.html,4,html,cde22170,ezzz-coder,2026-04-03,10:58:07,-07:00,2026-04-03T10:58:07-07:00,2,20
contact/index.html,5,html,cde22170,ezzz-coder,2026-04-03,10:58:07,-07:00,2026-04-03T10:58:07-07:00,2,68
contact/index.html,6,html,b27bdaff,ezzz-coder,2026-04-03,11:08:51,-07:00,2026-04-03T11:08:51-07:00,2,41
contact/index.html,7,html,cde22170,ezzz-coder,2026-04-03,10:58:07,-07:00,2026-04-03T10:58:07-07:00,2,20
contact/index.html,8,html,cde22170,ezzz-coder,2026-04-03,10:58:07,-07:00,2026-04-03T10:58:07-07:00,0,5
contact/index.html,9,html,cde22170,ezzz-coder,2026-04-03,10:58:07,-07:00,2026-04-03T10:58:07-07:00,0,4
contact/index.html,10,html,fb680bb8,ezzz-coder,2026-04-15,14:11:39,-07:00,2026-04-15T14:11:39-07:00,2,8
contact/index.html,11,html,cde22170,ezzz-coder,2026-04-03,10:58:07,-07:00,2026-04-03T10:58:07-07:00,4,2
contact/index.html,12,html,a6436df2,ezzz-coder,2026-04-03,11:05:59,-07:00,2026-04-03T11:05:59-07:00,6,39
contact/index.html,13,html,a6436df2,ezzz-coder,2026-04-03,11:05:59,-07:00,2026-04-03T11:05:59-07:00,6,52
contact/index.html,14,html,fb680bb8,ezzz-coder,2026-04-15,14:11:39,-07:00,2026-04-15T14:11:39-07:00,6,50
contact/index.html,15,html,a6436df2,ezzz-coder,2026-04-03,11:05:59,-07:00,2026-04-03T11:05:59-07:00,6,48
contact/index.html,16,html,cde22170,ezzz-coder,2026-04-03,10:58:07,-07:00,2026-04-03T10:58:07-07:00,6,74
contact/index.html,17,html,cde22170,ezzz-coder,2026-04-03,10:58:07,-07:00,2026-04-03T10:58:07-07:00,4,3
contact/index.html,18,html,fb680bb8,ezzz-coder,2026-04-15,14:11:39,-07:00,2026-04-15T14:11:39-07:00,2,8
contact/index.html,19,html,660f266a,ezzz-coder,2026-04-08,18:06:43,-07:00,2026-04-08T18:06:43-07:00,2,14
contact/index.html,20,html,cde22170,ezzz-coder,2026-04-03,10:58:07,-07:00,2026-04-03T10:58:07-07:00,2,81
contact/index.html,21,html,cde22170,ezzz-coder,2026-04-03,10:58:07,-07:00,2026-04-03T10:58:07-07:00,4,11
contact/index.html,22,html,cde22170,ezzz-coder,2026-04-03,10:58:07,-07:00,2026-04-03T10:58:07-07:00,6,31
contact/index.html,23,html,cde22170,ezzz-coder,2026-04-03,10:58:07,-07:00,2026-04-03T10:58:07-07:00,4,6
contact/index.html,24,html,cde22170,ezzz-coder,2026-04-03,10:58:07,-07:00,2026-04-03T10:58:07-07:00,4,13
contact/index.html,25,html,cde22170,ezzz-coder,2026-04-03,10:58:07,-07:00,2026-04-03T10:58:07-07:00,6,20
contact/index.html,26,html,cde22170,ezzz-coder,2026-04-03,10:58:07,-07:00,2026-04-03T10:58:07-07:00,4,6
contact/index.html,27,html,cde22170,ezzz-coder,2026-04-03,10:58:07,-07:00,2026-04-03T10:58:07-07:00,4,10
contact/index.html,28,html,cde22170,ezzz-coder,2026-04-03,10:58:07,-07:00,2026-04-03T10:58:07-07:00,4,31
contact/index.html,29,html,cde22170,ezzz-coder,2026-04-03,10:58:07,-07:00,2026-04-03T10:58:07-07:00,4,6
contact/index.html,30,html,660f266a,ezzz-coder,2026-04-08,18:06:43,-07:00,2026-04-08T18:06:43-07:00,4,19
contact/index.html,31,html,cde22170,ezzz-coder,2026-04-03,10:58:07,-07:00,2026-04-03T10:58:07-07:00,2,5
contact/index.html,32,html,660f266a,ezzz-coder,2026-04-08,18:06:43,-07:00,2026-04-08T18:06:43-07:00,0,0
contact/index.html,33,html,bb9ddd26,ezzz-coder,2026-04-23,22:12:48,-07:00,2026-04-23T22:12:48-07:00,1,48
contact/index.html,34,html,fb680bb8,ezzz-coder,2026-04-15,14:11:39,-07:00,2026-04-15T14:11:39-07:00,0,0
contact/index.html,35,html,cde22170,ezzz-coder,2026-04-03,10:58:07,-07:00,2026-04-03T10:58:07-07:00,0,5
contact/index.html,36,html,cde22170,ezzz-coder,2026-04-03,10:58:07,-07:00,2026-04-03T10:58:07-07:00,0,5
